rank,word,count
1,the,19076
2,and,16294
3,of,11664
4,that,6870
5,to,6427
6,they,4478
7,in,3688
8,unto,3624
9,i,3316
10,he,3173
11,it,3078
12,their,2798
13,them,2650
14,for,2519
15,be,2505
16,shall,2483
17,his,2239
18,which,2205
19,a,2140
20,not,2071
21,were,2016
22,ye,2011
23,did,1989
24,all,1785
25,have,1780
26,had,1767
27,people,1748
28,my,1701
29,god,1670
30,came,1641
31,behold,1636
32,was,1574
33,lord,1565
34,pass,1525
35,with,1515
36,this,1430
37,is,1373
38,land,1248
39,yea,1248
40,now,1230
41,who,1195
42,by,1186
43,you,1179
44,should,1178
45,are,1164
46,him,1160
47,will,1118
48,upon,1076
49,as,1046
50,also,1029
51,we,1008
52,from,1001
53,but,993
54,things,908
55,me,871
56,there,819
57,because,799
58,our,796
59,come,780
60,many,745
61,these,740
62,been,724
63,up,693
64,your,693
65,lamanites,692
66,even,687
67,great,682
68,into,679
69,therefore,663
70,said,647
71,if,646
72,words,640
73,do,634
74,when,631
75,would,612
76,forth,607
77,thou,600
78,out,588
79,among,580
80,father,558
81,against,555
82,brethren,543
83,men,543
84,according,519
85,us,518
86,say,515
87,hath,513
88,king,513
89,may,513
90,after,506
91,again,478
92,those,478
93,thus,478
94,know,474
95,no,473
96,man,470
97,nephi,469
98,thy,469
99,might,462
100,one,454
101,or,438
102,before,433
103,on,422
104,time,421
105,began,418
106,wherefore,415
107,power,409
108,earth,397
109,at,394
110,down,391
111,christ,381
112,away,380
113,more,374
114,nephites,369
115,go,367
116,day,363
117,an,361
118,so,358
119,children,349
120,concerning,346
121,son,332
122,over,321
123,word,315
124,city,312
125,name,305
126,holy,295
127,has,293
128,thee,290
129,could,281
130,hearts,280
131,made,280
132,year,280
133,spirit,276
134,exceedingly,267
135,o,264
136,faith,263
137,about,262
138,being,260
139,saw,259
140,brought,256
141,spoken,250
142,alma,249
143,wilderness,249
144,must,244
145,take,243
146,saying,233
147,manner,232
148,much,232
149,good,229
150,cast,227
151,every,227
152,church,226
153,having,226
154,own,226
155,then,224
156,death,220
157,save,217
158,themselves,215
159,cause,214
160,moroni,214
161,house,213
162,days,210
163,israel,210
164,give,209
165,commandments,208
166,called,207
167,done,205
168,repent,205
169,believe,204
170,until,202
171,given,200
172,am,199
173,went,199
174,together,197
175,hands,196
176,hand,195
177,can,193
178,commanded,191
179,saith,187
180,law,185
181,neither,185
182,jesus,184
183,face,183
184,speak,182
185,fathers,181
186,insomuch,181
187,whom,181
188,what,178
189,nevertheless,177
190,make,176
191,written,176
192,ammon,173
193,seed,173
194,bring,170
195,spake,170
196,world,169
197,brother,166
198,destroy,166
199,voice,164
200,sons,163
201,heart,162
202,sins,162
203,end,161
204,jerusalem,161
205,remember,161
206,soul,160
207,fruit,159
208,wickedness,159
209,off,156
210,other,156
211,see,155
212,destruction,154
213,keep,154
214,reign,154
215,caused,153
216,taken,153
217,blood,151
218,slain,151
219,armies,150
220,himself,150
221,kingdom,150
222,any,149
223,sent,149
224,zarahemla,148
225,how,147
226,mine,147
227,thereof,147
228,place,146
229,become,145
230,way,145
231,part,144
232,plates,144
233,nor,143
234,thing,143
235,life,142
236,gentiles,141
237,heard,141
238,first,140
239,judges,140
240,like,140
241,blessed,139
242,hast,139
243,joy,137
244,army,136
245,battle,134
246,evil,134
247,iniquity,134
248,years,134
249,work,133
250,cannot,131
251,than,131
252,war,131
253,works,131
254,took,130
255,beheld,128
256,doth,128
257,knowledge,128
258,cometh,127
259,except,125
260,lehi,125
261,let,125
262,destroyed,123
263,put,123
264,another,122
265,prophets,122
266,write,122
267,record,121
268,strength,119
269,deliver,118
270,fire,118
271,peace,118
272,suffer,118
273,last,117
274,both,116
275,cry,116
276,such,116
277,perish,115
278,sword,115
279,dead,114
280,heaven,114
281,judge,114
282,judgment,114
283,same,114
284,fear,113
285,through,113
286,fall,112
287,righteous,112
288,tree,112
289,seen,110
290,stand,109
291,known,108
292,slay,108
293,led,107
294,shalt,107
295,true,105
296,receive,104
297,hear,103
298,lands,103
299,two,103
300,wicked,103
301,righteousness,102
302,beloved,101
303,gathered,101
304,towards,101
305,vineyard,101
306,covenant,100
307,devil,99
308,forever,99
309,jacob,99
310,light,99
311,repentance,99
312,ghost,97
313,became,96
314,none,96
315,sea,95
316,show,95
317,yet,95
318,chief,94
319,knew,94
320,received,94
321,gave,92
322,round,92
323,art,91
324,darkness,91
325,iniquities,91
326,old,91
327,souls,91
328,angel,90
329,delivered,90
330,fallen,90
331,never,90
332,number,90
333,anger,89
334,desire,89
335,eternal,89
336,eyes,89
337,look,88
338,salvation,88
339,wo,88
340,jared,87
341,lay,87
342,passed,87
343,prepared,87
344,space,87
345,flesh,86
346,multitude,86
347,preach,86
348,return,86
349,baptized,85
350,hearken,85
351,mighty,85
352,night,85
353,mercy,84
354,three,84
355,while,84
356,yourselves,84
357,enemies,83
358,kept,83
359,secret,83
360,nations,82
361,mosiah,81
362,resurrection,81
363,saved,81
364,taught,81
365,coming,80
366,long,80
367,strong,80
368,fulfilled,79
369,her,79
370,priests,79
371,servant,79
372,truth,79
373,whosoever,79
374,body,78
375,glory,78
376,only,78
377,afflictions,77
378,cities,77
379,driven,77
380,filled,77
381,flocks,77
382,state,77
383,teach,77
384,waters,77
385,coriantumr,76
386,lamb,76
387,records,76
388,verily,76
389,abominations,75
390,borders,75
391,daughters,75
392,declare,75
393,jews,75
394,lest,75
395,moses,75
396,servants,75
397,some,75
398,gone,74
399,little,74
400,pray,74
401,set,74
402,under,74
403,whose,74
404,amulek,73
405,bondage,73
406,helaman,73
407,prison,73
408,very,73
409,cut,72
410,left,72
411,rejoice,72
412,water,72
413,whatsoever,72
414,whole,72
415,fled,71
416,found,71
417,built,70
418,justice,70
419,angry,69
420,high,69
421,hundred,69
422,mouth,67
423,notwithstanding,67
424,s,67
425,above,66
426,head,66
427,prisoners,66
428,call,65
429,possession,65
430,seek,65
431,sin,65
432,sought,65
433,amalickiah,64
434,hosts,64
435,prophet,64
436,stood,64
437,suppose,64
438,without,64
439,desirous,63
440,flee,63
441,lifted,63
442,nothing,63
443,pride,63
444,why,63
445,account,62
446,command,62
447,desired,62
448,expedient,62
449,generation,62
450,turn,62
451,captivity,61
452,wars,61
453,appointed,60
454,book,60
455,deny,60
456,full,60
457,gather,60
458,gold,60
459,remnant,60
460,scattered,60
461,enter,59
462,everlasting,59
463,hell,59
464,inheritance,59
465,wisdom,59
466,bear,58
467,few,58
468,get,58
469,march,58
470,obtain,58
471,prosper,58
472,throughout,58
473,arms,57
474,just,57
475,love,57
476,remainder,57
477,returned,57
478,twenty,57
479,vain,57
480,beginning,56
481,carried,56
482,dwell,56
483,ended,56
484,humble,56
485,judged,56
486,seat,56
487,she,56
488,wilt,56
489,angels,55
490,limhi,55
491,preserve,55
492,robbers,55
493,thousand,55
494,weapons,55
495,feet,54
496,marvelous,54
497,precious,54
498,presence,54
499,smite,54
500,suffered,54
501,branches,53
502,disciples,53
503,labor,53
504,laman,53
505,most,53
506,second,53
507,sorrow,53
508,tell,53
509,ways,53
510,wild,53
511,back,52
512,contentions,52
513,fine,52
514,laid,52
515,read,52
516,right,52
517,silver,52
518,women,52
519,continually,51
520,meet,51
521,redemption,51
522,wives,51
523,aaron,50
524,created,50
525,fell,50
526,hope,50
527,small,50
528,surely,50
529,unbelief,50
530,broken,49
531,gain,49
532,build,48
533,east,48
534,four,48
535,lost,48
536,manifest,48
537,obtained,48
538,prepare,48
539,ask,47
540,authority,47
541,awful,47
542,ground,47
543,lamoni,47
544,liberty,47
545,merciful,47
546,order,47
547,rest,47
548,smitten,47
549,whether,47
550,departed,46
551,died,46
552,means,46
553,miracles,46
554,myself,46
555,need,46
556,noah,46
557,riches,46
558,stead,46
559,told,46
560,understand,46
561,walk,46
562,well,46
563,believed,45
564,establish,45
565,grant,45
566,knoweth,45
567,laban,45
568,needs,45
569,northward,45
570,numerous,45
571,prophesy,45
572,still,45
573,tents,45
574,testified,45
575,where,45
576,worship,45
577,zion,45
578,contend,44
579,cried,44
580,established,44
581,nay,44
582,near,44
583,numbered,44
584,parts,44
585,raise,44
586,river,44
587,soon,44
588,wrath,44
589,food,43
590,hold,43
591,joseph,43
592,judgments,43
593,mormon,43
594,perhaps,43
595,somewhat,43
596,teancum,43
597,whoso,43
598,amen,42
599,begat,42
600,bringeth,42
601,die,42
602,exceeding,42
603,inhabitants,42
604,ishmael,42
605,midst,42
606,morrow,42
607,plan,42
608,possess,42
609,send,42
610,sign,42
611,stones,42
612,swords,42
613,thousands,42
614,west,42
615,wrought,42
616,always,41
617,commandment,41
618,epistle,41
619,gospel,41
620,harden,41
621,lives,41
622,promise,41
623,redeemer,41
624,scriptures,41
625,serve,41
626,speaking,41
627,thine,41
628,truly,41
629,valley,41
630,forward,40
631,kind,40
632,preserved,40
633,restored,40
634,wine,40
635,wise,40
636,desires,39
637,natural,39
638,trust,39
639,witness,39
640,arm,38
641,chosen,38
642,country,38
643,curse,38
644,durst,38
645,free,38
646,heavens,38
647,language,38
648,lead,38
649,support,38
650,abinadi,37
651,brass,37
652,foundation,37
653,garments,37
654,heads,37
655,its,37
656,north,37
657,pahoran,37
658,perfect,37
659,provisions,37
660,sidon,37
661,thereby,37
662,thirty,37
663,dust,36
664,ever,36
665,eye,36
666,forty,36
667,gideon,36
668,others,36
669,prophecies,36
670,south,36
671,spare,36
672,thought,36
673,young,36
674,bountiful,35
675,cease,35
676,commit,35
677,depart,35
678,entered,35
679,kings,35
680,lift,35
681,maintain,35
682,minister,35
683,murder,35
684,ought,35
685,places,35
686,repented,35
687,rise,35
688,beasts,34
689,benjamin,34
690,child,34
691,contention,34
692,hardened,34
693,loins,34
694,loss,34
695,prayed,34
696,purpose,34
697,redeemed,34
698,rock,34
699,stir,34
700,times,34
701,afflicted,33
702,answered,33
703,carry,33
704,diligence,33
705,dwelt,33
706,far,33
707,fought,33
708,fulness,33
709,live,33
710,prophecy,33
711,remain,33
712,seeing,33
713,supposed,33
714,testimony,33
715,visit,33
716,zoramites,33
717,arose,32
718,between,32
719,bless,32
720,captive,32
721,churches,32
722,commencement,32
723,follow,32
724,gadianton,32
725,greater,32
726,grow,32
727,intent,32
728,knowing,32
729,large,32
730,leader,32
731,messiah,32
732,mind,32
733,mother,32
734,mountains,32
735,open,32
736,poor,32
737,rather,32
738,twelve,32
739,whither,32
740,band,31
741,belong,31
742,bodies,31
743,drink,31
744,engraven,31
745,find,31
746,fulfilling,31
747,goodness,31
748,grace,31
749,granted,31
750,inasmuch,31
751,minds,31
752,nation,31
753,shake,31
754,shiz,31
755,sixty,31
756,turned,31
757,begin,30
758,covenants,30
759,cursed,30
760,eat,30
761,faithful,30
762,fight,30
763,gift,30
764,guards,30
765,happiness,30
766,hid,30
767,hide,30
768,lemuel,30
769,murders,30
770,names,30
771,prayers,30
772,promised,30
773,search,30
774,sore,30
775,teachers,30
776,transgression,30
777,abraham,29
778,beat,29
779,bound,29
780,depths,29
781,ends,29
782,famine,29
783,freedom,29
784,greatness,29
785,looked,29
786,possible,29
787,prayer,29
788,preaching,29
789,shedding,29
790,shown,29
791,traditions,29
792,walls,29
793,abominable,28
794,atonement,28
795,baptize,28
796,converted,28
797,grain,28
798,laws,28
799,murdered,28
800,oath,28
801,raised,28
802,remembrance,28
803,remission,28
804,saints,28
805,tremble,28
806,wax,28
807,wife,28
808,zeezrom,28
809,amlicites,27
810,bands,27
811,born,27
812,bringing,27
813,captains,27
814,charity,27
815,defend,27
816,fair,27
817,fifth,27
818,hill,27
819,partake,27
820,prophesied,27
821,sacred,27
822,showed,27
823,signs,27
824,since,27
825,substance,27
826,testify,27
827,white,27
828,whoredoms,27
829,adam,26
830,ammonihah,26
831,baptism,26
832,break,26
833,fourth,26
834,governor,26
835,half,26
836,hardness,26
837,jershon,26
838,journey,26
839,keeping,26
840,new,26
841,observe,26
842,priest,26
843,pure,26
844,satan,26
845,sayings,26
846,seashore,26
847,sheep,26
848,shule,26
849,slew,26
850,smote,26
851,whereby,26
852,within,26
853,astonished,25
854,better,25
855,course,25
856,doeth,25
857,government,25
858,hitherto,25
859,inherit,25
860,knowest,25
861,lie,25
862,mankind,25
863,misery,25
864,morianton,25
865,mount,25
866,mourn,25
867,murmur,25
868,proceed,25
869,pursue,25
870,redeem,25
871,retain,25
872,sixth,25
873,suffering,25
874,terrible,25
875,third,25
876,akish,24
877,ammoron,24
878,bow,24
879,camp,24
880,cunning,24
881,declared,24
882,descendant,24
883,doctrine,24
884,endless,24
885,fifty,24
886,five,24
887,isaiah,24
888,nephihah,24
889,ourselves,24
890,possessed,24
891,rejected,24
892,sight,24
893,sing,24
894,stretched,24
895,thanks,24
896,tongue,24
897,tower,24
898,wroth,24
899,alone,23
900,arise,23
901,awake,23
902,deep,23
903,desiring,23
904,diligently,23
905,feared,23
906,heed,23
907,herds,23
908,hewn,23
909,nourished,23
910,opened,23
911,plain,23
912,praise,23
913,sake,23
914,speedily,23
915,till,23
916,arrows,22
917,beyond,22
918,bloodshed,22
919,bread,22
920,choice,22
921,cross,22
922,desolate,22
923,desolation,22
924,family,22
925,fast,22
926,forbidden,22
927,hard,22
928,hither,22
929,houses,22
930,learned,22
931,lib,22
932,longer,22
933,manti,22
934,once,22
935,ones,22
936,placed,22
937,promises,22
938,queen,22
939,rod,22
940,seventh,22
941,synagogues,22
942,temple,22
943,temporal,22
944,tidings,22
945,watch,22
946,wrote,22
947,already,21
948,branch,21
949,buried,21
950,combinations,21
951,doings,21
952,drive,21
953,hunger,21
954,judah,21
955,kindred,21
956,labors,21
957,liveth,21
958,living,21
959,mean,21
960,possessions,21
961,rich,21
962,seventy,21
963,shepherd,21
964,ship,21
965,sit,21
966,strengthen,21
967,though,21
968,thoughts,21
969,top,21
970,trees,21
971,understood,21
972,welfare,21
973,whence,21
974,amulon,20
975,antipus,20
976,believest,20
977,burned,20
978,committed,20
979,compelled,20
980,continue,20
981,contrary,20
982,covenanted,20
983,dissenters,20
984,doing,20
985,encircled,20
986,enemy,20
987,exhort,20
988,families,20
989,fulfil,20
990,glad,20
991,going,20
992,kindreds,20
993,leave,20
994,lose,20
995,making,20
996,matter,20
997,met,20
998,moronihah,20
999,mourning,20
1000,ninth,20
1001,preparations,20
1002,rebellion,20
1003,remembered,20
1004,roots,20
1005,ruler,20
1006,season,20
1007,southward,20
1008,spiritual,20
1009,spread,20
1010,stiffnecked,20
1011,subject,20
1012,tent,20
1013,tongues,20
1014,tribes,20
1015,understanding,20
1016,witnesses,20
1017,age,19
1018,appear,19
1019,believeth,19
1020,calling,19
1021,continual,19
1022,didst,19
1023,discovered,19
1024,dissensions,19
1025,eighth,19
1026,ether,19
1027,foolish,19
1028,friends,19
1029,gate,19
1030,generations,19
1031,grave,19
1032,hatred,19
1033,kishkumen,19
1034,loosed,19
1035,mysteries,19
1036,numbers,19
1037,ordained,19
1038,parents,19
1039,pitch,19
1040,reason,19
1041,restoration,19
1042,root,19
1043,shed,19
1044,sick,19
1045,six,19
1046,sorrowful,19
1047,spared,19
1048,sufficient,19
1049,throne,19
1050,unclean,19
1051,utter,19
1052,weakness,19
1053,worth,19
1054,yield,19
1055,affairs,18
1056,amalekites,18
1057,assemble,18
1058,astonishment,18
1059,blessing,18
1060,ceased,18
1061,condemnation,18
1062,confounded,18
1063,convinced,18
1064,cries,18
1065,drunken,18
1066,egypt,18
1067,exercise,18
1068,handed,18
1069,here,18
1070,immediately,18
1071,iron,18
1072,join,18
1073,labored,18
1074,mercies,18
1075,moreover,18
1076,multitudes,18
1077,naught,18
1078,nourish,18
1079,pains,18
1080,patience,18
1081,revile,18
1082,sealed,18
1083,slaughter,18
1084,sufficiently,18
1085,surety,18
1086,surrounded,18
1087,thirst,18
1088,utterly,18
1089,able,17
1090,anything,17
1091,choose,17
1092,commence,17
1093,false,17
1094,favor,17
1095,filthiness,17
1096,forgive,17
1097,guard,17
1098,hereafter,17
1099,lachoneus,17
1100,lawyers,17
1101,learn,17
1102,middoni,17
1103,mightily,17
1104,morning,17
1105,mortal,17
1106,mulek,17
1107,narrow,17
1108,perceive,17
1109,pleasure,17
1110,preparing,17
1111,proclamation,17
1112,pursued,17
1113,rent,17
1114,repenteth,17
1115,revelation,17
1116,rights,17
1117,spirits,17
1118,swallowed,17
1119,ten,17
1120,think,17
1121,zerahemnah,17
1122,amlici,16
1123,beautiful,16
1124,blessings,16
1125,change,16
1126,cloud,16
1127,divided,16
1128,eighty,16
1129,exceed,16
1130,filthy,16
1131,gid,16
1132,guilt,16
1133,helam,16
1134,impart,16
1135,inquired,16
1136,joined,16
1137,meaneth,16
1138,ministry,16
1139,naked,16
1140,oft,16
1141,olive,16
1142,pour,16
1143,preached,16
1144,prophesying,16
1145,revelations,16
1146,reward,16
1147,samuel,16
1148,sleep,16
1149,stop,16
1150,success,16
1151,thank,16
1152,torment,16
1153,treasures,16
1154,visited,16
1155,wait,16
1156,wall,16
1157,wherewith,16
1158,wounded,16
1159,writing,16
1160,administer,15
1161,answer,15
1162,anti,15
1163,bad,15
1164,bind,15
1165,blind,15
1166,boast,15
1167,carnal,15
1168,case,15
1169,chains,15
1170,confess,15
1171,counsel,15
1172,dwindle,15
1173,favored,15
1174,firm,15
1175,fortify,15
1176,got,15
1177,grieveth,15
1178,happened,15
1179,inquire,15
1180,korihor,15
1181,latter,15
1182,leaders,15
1183,marched,15
1184,meek,15
1185,month,15
1186,mountain,15
1187,neighbor,15
1188,obey,15
1189,omer,15
1190,overtake,15
1191,overthrow,15
1192,perished,15
1193,pertaining,15
1194,pieces,15
1195,pitched,15
1196,plainness,15
1197,poured,15
1198,punishment,15
1199,ran,15
1200,rebel,15
1201,receiveth,15
1202,red,15
1203,sacrifice,15
1204,shilom,15
1205,side,15
1206,stay,15
1207,stirred,15
1208,sufferings,15
1209,taking,15
1210,thither,15
1211,tradition,15
1212,trodden,15
1213,use,15
1214,weary,15
1215,willing,15
1216,wind,15
1217,wonders,15
1218,abroad,14
1219,amongst,14
1220,apparel,14
1221,aside,14
1222,belief,14
1223,com,14
1224,comforted,14
1225,commenced,14
1226,condemn,14
1227,consecrated,14
1228,cords,14
1229,courage,14
1230,covered,14
1231,creation,14
1232,daughter,14
1233,deliverance,14
1234,determined,14
1235,ear,14
1236,field,14
1237,finger,14
1238,fold,14
1239,forgotten,14
1240,gained,14
1241,gifts,14
1242,graft,14
1243,henceforth,14
1244,increase,14
1245,lamanite,14
1246,ministered,14
1247,money,14
1248,moron,14
1249,overcome,14
1250,overpower,14
1251,path,14
1252,plead,14
1253,powerful,14
1254,punished,14
1255,quick,14
1256,reigned,14
1257,strongholds,14
1258,sun,14
1259,supposing,14
1260,sure,14
1261,swear,14
1262,sworn,14
1263,thyself,14
1264,transgressions,14
1265,waste,14
1266,abundance,13
1267,affliction,13
1268,afraid,13
1269,air,13
1270,almighty,13
1271,apostles,13
1272,attack,13
1273,believing,13
1274,bows,13
1275,building,13
1276,buildings,13
1277,circumstances,13
1278,comfort,13
1279,corrupted,13
1280,dark,13
1281,defence,13
1282,delighteth,13
1283,dumb,13
1284,extended,13
1285,feed,13
1286,fierce,13
1287,fill,13
1288,force,13
1289,giddianhi,13
1290,grieved,13
1291,horses,13
1292,humility,13
1293,idols,13
1294,image,13
1295,isaac,13
1296,kill,13
1297,nearly,13
1298,oaths,13
1299,otherwise,13
1300,paths,13
1301,persecute,13
1302,plainly,13
1303,plans,13
1304,prey,13
1305,proud,13
1306,reap,13
1307,retreat,13
1308,revealed,13
1309,rule,13
1310,seal,13
1311,shared,13
1312,shiblon,13
1313,shut,13
1314,statutes,13
1315,strict,13
1316,struck,13
1317,swept,13
1318,travel,13
1319,traveled,13
1320,vengeance,13
1321,alive,12
1322,ancient,12
1323,armed,12
1324,attempt,12
1325,bar,12
1326,belonged,12
1327,bitter,12
1328,boldly,12
1329,boldness,12
1330,bowed,12
1331,compassion,12
1332,condemned,12
1333,conditions,12
1334,consider,12
1335,contain,12
1336,corihor,12
1337,crimes,12
1338,delight,12
1339,endure,12
1340,engravings,12
1341,ephraim,12
1342,execute,12
1343,falling,12
1344,feel,12
1345,fields,12
1346,fit,12
1347,flight,12
1348,fully,12
1349,guilty,12
1350,heal,12
1351,heth,12
1352,household,12
1353,hungry,12
1354,instead,12
1355,jew,12
1356,learning,12
1357,lehonti,12
1358,mattereth,12
1359,measure,12
1360,multiply,12
1361,nine,12
1362,offer,12
1363,pleasing,12
1364,plunder,12
1365,portion,12
1366,profit,12
1367,reject,12
1368,retained,12
1369,rob,12
1370,sat,12
1371,savior,12
1372,seest,12
1373,shine,12
1374,smoke,12
1375,speaketh,12
1376,steal,12
1377,suffereth,12
1378,teacher,12
1379,touch,12
1380,victory,12
1381,wast,12
1382,weak,12
1383,whithersoever,12
1384,wounds,12
1385,yoke,12
1386,zenos,12
1387,zoram,12
1388,abomination,11
1389,administered,11
1390,adultery,11
1391,almost,11
1392,anguish,11
1393,appoint,11
1394,ashamed,11
1395,babylon,11
1396,bare,11
1397,beginneth,11
1398,begotten,11
1399,beholdest,11
1400,bible,11
1401,blindness,11
1402,captain,11
1403,certain,11
1404,changed,11
1405,commandeth,11
1406,confound,11
1407,coriantum,11
1408,daily,11
1409,descendants,11
1410,diligent,11
1411,disputations,11
1412,dream,11
1413,dry,11
1414,due,11
1415,dwindled,11
1416,endureth,11
1417,equal,11
1418,err,11
1419,finished,11
1420,forces,11
1421,form,11
1422,fountain,11
1423,frightened,11
1424,fruits,11
1425,garden,11
1426,giveth,11
1427,healed,11
1428,hearkened,11
1429,infinite,11
1430,isles,11
1431,laying,11
1432,lived,11
1433,lying,11
1434,mark,11
1435,master,11
1436,message,11
1437,mock,11
1438,moved,11
1439,murderers,11
1440,nature,11
1441,ninety,11
1442,nowise,11
1443,obedient,11
1444,ore,11
1445,plant,11
1446,planted,11
1447,present,11
1448,purposes,11
1449,remained,11
1450,scourge,11
1451,security,11
1452,separated,11
1453,shields,11
1454,shouldst,11
1455,slow,11
1456,spotless,11
1457,stoned,11
1458,straight,11
1459,strait,11
1460,sunk,11
1461,sweet,11
1462,tarry,11
1463,tender,11
1464,today,11
1465,united,11
1466,withdraw,11
1467,act,10
1468,advantage,10
1469,ammaron,10
1470,ball,10
1471,becoming,10
1472,breastplates,10
1473,brimstone,10
1474,brothers,10
1475,burdens,10
1476,canst,10
1477,care,10
1478,charge,10
1479,claim,10
1480,cleansed,10
1481,clothe,10
1482,conferred,10
1483,contained,10
1484,corrupt,10
1485,creator,10
1486,cup,10
1487,cursing,10
1488,damnation,10
1489,danger,10
1490,despised,10
1491,digged,10
1492,discover,10
1493,drew,10
1494,ears,10
1495,esteem,10
1496,faithfulness,10
1497,flattering,10
1498,foot,10
1499,fortifications,10
1500,frame,10
1501,future,10
1502,gates,10
1503,genealogy,10
1504,gidgiddoni,10
1505,grafted,10
1506,greatly,10
1507,holiness,10
1508,hours,10
1509,husbands,10
1510,immortal,10
1511,lake,10
1512,leadeth,10
1513,lion,10
1514,loose,10
1515,loud,10
1516,loved,10
1517,low,10
1518,mouths,10
1519,needy,10
1520,nehor,10
1521,nephite,10
1522,nigh,10
1523,pain,10
1524,persecutions,10
1525,persuade,10
1526,pestilence,10
1527,pluck,10
1528,privileges,10
1529,proceedings,10
1530,prospered,10
1531,prosperity,10
1532,protect,10
1533,prove,10
1534,rain,10
1535,rear,10
1536,receiving,10
1537,refused,10
1538,rejoicing,10
1539,religion,10
1540,ripe,10
1541,rocks,10
1542,safety,10
1543,sam,10
1544,sanctified,10
1545,seeking,10
1546,seer,10
1547,self,10
1548,service,10
1549,shadow,10
1550,sides,10
1551,soften,10
1552,sound,10
1553,spacious,10
1554,spies,10
1555,standing,10
1556,storm,10
1557,sufficeth,10
1558,tempest,10
1559,temptations,10
1560,tenth,10
1561,thence,10
1562,therein,10
1563,threatenings,10
1564,thrust,10
1565,thunder,10
1566,timbers,10
1567,twain,10
1568,vessels,10
1569,vision,10
1570,waxed,10
1571,wherein,10
1572,withstood,10
1573,wood,10
1574,workmanship,10
1575,zeniff,10
1576,across,9
1577,afflict,9
1578,altered,9
1579,antiparah,9
1580,armor,9
1581,arrived,9
1582,ascended,9
1583,assist,9
1584,assistance,9
1585,becometh,9
1586,begun,9
1587,beneath,9
1588,bonds,9
1589,bones,9
1590,burn,9
1591,burning,9
1592,caught,9
1593,center,9
1594,chose,9
1595,clothing,9
1596,commands,9
1597,concubines,9
1598,consigned,9
1599,contrite,9
1600,convincing,9
1601,corruption,9
1602,cumorah,9
1603,denied,9
1604,design,9
1605,devils,9
1606,dispersed,9
1607,dispute,9
1608,distinguished,9
1609,doubt,9
1610,draw,9
1611,easy,9
1612,eaten,9
1613,effect,9
1614,either,9
1615,elder,9
1616,elders,9
1617,eldest,9
1618,emer,9
1619,eternity,9
1620,expounded,9
1621,farewell,9
1622,feast,9
1623,firmness,9
1624,forest,9
1625,forget,9
1626,fury,9
1627,garment,9
1628,greatest,9
1629,happy,9
1630,help,9
1631,highly,9
1632,hills,9
1633,humbled,9
1634,immortality,9
1635,impossible,9
1636,instrument,9
1637,journeyed,9
1638,killed,9
1639,kingdoms,9
1640,leading,9
1641,liar,9
1642,lied,9
1643,lightnings,9
1644,linen,9
1645,lyings,9
1646,manifested,9
1647,marching,9
1648,marvel,9
1649,mayest,9
1650,meat,9
1651,mothers,9
1652,neck,9
1653,nineteenth,9
1654,office,9
1655,pay,9
1656,perform,9
1657,period,9
1658,plains,9
1659,point,9
1660,poverty,9
1661,probation,9
1662,property,9
1663,puffed,9
1664,rebelled,9
1665,rehearsed,9
1666,rejoiced,9
1667,removed,9
1668,seeds,9
1669,seeth,9
1670,serpents,9
1671,shez,9
1672,singing,9
1673,standard,9
1674,stone,9
1675,taste,9
1676,temples,9
1677,temptation,9
1678,thirtieth,9
1679,trample,9
1680,transgress,9
1681,try,9
1682,voices,9
1683,wages,9
1684,winds,9
1685,witnessed,9
1686,wonder,9
1687,youth,9
1688,abide,8
1689,abundantly,8
1690,anointed,8
1691,anxiety,8
1692,arrive,8
1693,assyria,8
1694,astray,8
1695,avenge,8
1696,awakened,8
1697,bank,8
1698,blotted,8
1699,borne,8
1700,bowels,8
1701,burden,8
1702,bury,8
1703,cimeters,8
1704,close,8
1705,committing,8
1706,consecrate,8
1707,constrained,8
1708,copper,8
1709,costly,8
1710,countries,8
1711,cover,8
1712,creature,8
1713,crime,8
1714,crying,8
1715,damned,8
1716,deceive,8
1717,declaring,8
1718,degree,8
1719,delightsome,8
1720,delivering,8
1721,demands,8
1722,desirest,8
1723,destructions,8
1724,devour,8
1725,dig,8
1726,dissented,8
1727,divide,8
1728,drowned,8
1729,ease,8
1730,egyptians,8
1731,else,8
1732,ending,8
1733,enos,8
1734,envyings,8
1735,equity,8
1736,especially,8
1737,esteemed,8
1738,example,8
1739,faces,8
1740,fellow,8
1741,finish,8
1742,founder,8
1743,girded,8
1744,girdle,8
1745,grievous,8
1746,guiltless,8
1747,hair,8
1748,harlots,8
1749,harm,8
1750,hate,8
1751,hated,8
1752,hiss,8
1753,hunted,8
1754,inhabited,8
1755,itself,8
1756,kib,8
1757,lamentation,8
1758,less,8
1759,lesser,8
1760,maketh,8
1761,matchless,8
1762,melek,8
1763,miracle,8
1764,murdering,8
1765,nights,8
1766,omner,8
1767,ordinances,8
1768,permitted,8
1769,pit,8
1770,pleasant,8
1771,preserving,8
1772,priesthood,8
1773,quake,8
1774,quarter,8
1775,question,8
1776,recover,8
1777,reigneth,8
1778,rend,8
1779,risen,8
1780,rumors,8
1781,sanctuaries,8
1782,scatter,8
1783,scene,8
1784,seeketh,8
1785,senine,8
1786,serpent,8
1787,shame,8
1788,shook,8
1789,shoulders,8
1790,skins,8
1791,slings,8
1792,spiritually,8
1793,spot,8
1794,strifes,8
1795,taketh,8
1796,tarried,8
1797,tasted,8
1798,telling,8
1799,terror,8
1800,thorns,8
1801,thunderings,8
1802,too,8
1803,touched,8
1804,tribute,8
1805,unite,8
1806,unless,8
1807,view,8
1808,waves,8
1809,whit,8
1810,whore,8
1811,wings,8
1812,woman,8
1813,worketh,8
1814,younger,8
1815,zedekiah,8
1816,accomplish,7
1817,amulonites,7
1818,appeared,7
1819,around,7
1820,assembled,7
1821,awoke,7
1822,blameless,7
1823,books,7
1824,bright,7
1825,brightness,7
1826,burial,7
1827,cattle,7
1828,causing,7
1829,chariots,7
1830,clear,7
1831,cleave,7
1832,cohor,7
1833,combination,7
1834,compass,7
1835,confer,7
1836,cumeni,7
1837,custom,7
1838,david,7
1839,denying,7
1840,designs,7
1841,desirable,7
1842,desireth,7
1843,despise,7
1844,does,7
1845,door,7
1846,drove,7
1847,duty,7
1848,dwelleth,7
1849,easily,7
1850,employ,7
1851,entrance,7
1852,exalted,7
1853,exchange,7
1854,expound,7
1855,extinct,7
1856,fasting,7
1857,fearing,7
1858,female,7
1859,flame,7
1860,flock,7
1861,floods,7
1862,followers,7
1863,following,7
1864,formed,7
1865,forsake,7
1866,forsaken,7
1867,freemen,7
1868,gathereth,7
1869,giving,7
1870,glorify,7
1871,haste,7
1872,healing,7
1873,heat,7
1874,heavenly,7
1875,howl,7
1876,hurt,7
1877,ignorance,7
1878,interpretation,7
1879,journeying,7
1880,leaving,7
1881,line,7
1882,male,7
1883,meaning,7
1884,ministering,7
1885,nakedness,7
1886,necks,7
1887,noise,7
1888,obliged,7
1889,obtaining,7
1890,offering,7
1891,oh,7
1892,penitent,7
1893,persist,7
1894,pervert,7
1895,pierce,7
1896,plundering,7
1897,points,7
1898,poison,7
1899,praying,7
1900,press,7
1901,proceeded,7
1902,protection,7
1903,pull,7
1904,purified,7
1905,putteth,7
1906,quarters,7
1907,racked,7
1908,real,7
1909,remembereth,7
1910,resist,7
1911,reviled,7
1912,riplakish,7
1913,robbed,7
1914,rulers,7
1915,run,7
1916,sakes,7
1917,samaria,7
1918,serious,7
1919,shaken,7
1920,shiblom,7
1921,showing,7
1922,sidom,7
1923,skin,7
1924,sold,7
1925,solomon,7
1926,speed,7
1927,speedy,7
1928,spoil,7
1929,staff,7
1930,standeth,7
1931,strange,7
1932,stratagem,7
1933,streets,7
1934,strive,7
1935,stumble,7
1936,stumbling,7
1937,succor,7
1938,supported,7
1939,supposeth,7
1940,swollen,7
1941,teaching,7
1942,tears,7
1943,tens,7
1944,tight,7
1945,treasure,7
1946,trials,7
1947,tumble,7
1948,type,7
1949,veil,7
1950,verified,7
1951,walking,7
1952,washed,7
1953,wickedly,7
1954,widows,7
1955,withstand,7
1956,working,7
1957,wrong,7
1958,yesterday,7
1959,yielded,7
1960,accursed,6
1961,acknowledge,6
1962,affixed,6
1963,amaleki,6
1964,ascendeth,6
1965,asunder,6
1966,backs,6
1967,baptizing,6
1968,beareth,6
1969,beauty,6
1970,behalf,6
1971,bestowed,6
1972,boasting,6
1973,bond,6
1974,breath,6
1975,briers,6
1976,broke,6
1977,captives,6
1978,casting,6
1979,chaff,6
1980,chance,6
1981,cheeks,6
1982,clean,6
1983,comes,6
1984,concealed,6
1985,conquer,6
1986,consumed,6
1987,contended,6
1988,coriantor,6
1989,counted,6
1990,countenance,6
1991,crucify,6
1992,curious,6
1993,dance,6
1994,darkened,6
1995,deaf,6
1996,deceived,6
1997,deeds,6
1998,delighted,6
1999,denieth,6
2000,descending,6
2001,devilish,6
2002,dish,6
2003,divers,6
2004,drawn,6
2005,drinketh,6
2006,each,6
2007,eden,6
2008,eight,6
2009,eighteenth,6
2010,endeavor,6
2011,escape,6
2012,eternally,6
2013,fainted,6
2014,fatigue,6
2015,ferocious,6
2016,firstborn,6
2017,flames,6
2018,flaming,6
2019,followed,6
2020,forbear,6
2021,fortified,6
2022,freely,6
2023,fro,6
2024,gladness,6
2025,glorified,6
2026,graven,6
2027,gulf,6
2028,heaped,6
2029,heavy,6
2030,himni,6
2031,hole,6
2032,honey,6
2033,hopes,6
2034,hundredth,6
2035,husband,6
2036,hypocrites,6
2037,idleness,6
2038,idolatry,6
2039,incorruption,6
2040,inequality,6
2041,innocent,6
2042,inspired,6
2043,interpreters,6
2044,jeremiah,6
2045,journeyings,6
2046,kinds,6
2047,laboring,6
2048,liken,6
2049,lips,6
2050,loveth,6
2051,lowly,6
2052,maker,6
2053,malice,6
2054,memory,6
2055,mention,6
2056,mightest,6
2057,miserable,6
2058,molten,6
2059,monster,6
2060,nethermost,6
2061,nursing,6
2062,object,6
2063,observed,6
2064,offerings,6
2065,omnipotent,6
2066,orders,6
2067,overpowered,6
2068,pacified,6
2069,partakers,6
2070,particular,6
2071,past,6
2072,performances,6
2073,persecuted,6
2074,persecution,6
2075,persuadeth,6
2076,perverse,6
2077,pleased,6
2078,poisonous,6
2079,praises,6
2080,precepts,6
2081,priestcrafts,6
2082,prune,6
2083,ready,6
2084,rebuke,6
2085,requisite,6
2086,rid,6
2087,rising,6
2088,robber,6
2089,scalp,6
2090,searched,6
2091,sebus,6
2092,seemeth,6
2093,selected,6
2094,separate,6
2095,seven,6
2096,sharp,6
2097,sharpness,6
2098,shemlon,6
2099,shortly,6
2100,shrink,6
2101,siege,6
2102,slaves,6
2103,slaying,6
2104,soberness,6
2105,sorrows,6
2106,sow,6
2107,speech,6
2108,spend,6
2109,spent,6
2110,stature,6
2111,steadfast,6
2112,steadfastly,6
2113,stretch,6
2114,striving,6
2115,stubble,6
2116,subjected,6
2117,talk,6
2118,taxes,6
2119,tempt,6
2120,thanksgiving,6
2121,tools,6
2122,tread,6
2123,trespasses,6
2124,tribulation,6
2125,tribulations,6
2126,troubled,6
2127,turning,6
2128,twined,6
2129,unavoidably,6
2130,uprightly,6
2131,utterance,6
2132,value,6
2133,vessel,6
2134,villages,6
2135,virgin,6
2136,wear,6
2137,whereof,6
2138,whiteness,6
2139,wills,6
2140,withdrew,6
2141,wouldst,6
2142,wrongs,6
2143,accomplished,5
2144,accuse,5
2145,adversaries,5
2146,adversary,5
2147,agreed,5
2148,ahaz,5
2149,alike,5
2150,alms,5
2151,animals,5
2152,antionum,5
2153,ascend,5
2154,ass,5
2155,assuredly,5
2156,atone,5
2157,attitude,5
2158,await,5
2159,bade,5
2160,barges,5
2161,bearing,5
2162,bed,5
2163,beholding,5
2164,belongeth,5
2165,betwixt,5
2166,bid,5
2167,birth,5
2168,bitterness,5
2169,blow,5
2170,blows,5
2171,burnt,5
2172,buy,5
2173,carnage,5
2174,catch,5
2175,causeth,5
2176,cavity,5
2177,ceaseth,5
2178,ceasing,5
2179,chastened,5
2180,claimeth,5
2181,cloth,5
2182,clothed,5
2183,coat,5
2184,commander,5
2185,common,5
2186,complain,5
2187,conduct,5
2188,confined,5
2189,conscience,5
2190,consciousness,5
2191,contending,5
2192,convince,5
2193,correct,5
2194,counsels,5
2195,craftiness,5
2196,crossed,5
2197,dearly,5
2198,deceivings,5
2199,decrees,5
2200,depend,5
2201,descended,5
2202,determination,5
2203,devoured,5
2204,dieth,5
2205,disbelieve,5
2206,diseases,5
2207,division,5
2208,draweth,5
2209,dried,5
2210,drunk,5
2211,eateth,5
2212,eleventh,5
2213,encircle,5
2214,entire,5
2215,entrusted,5
2216,escaped,5
2217,ethem,5
2218,excellent,5
2219,excuse,5
2220,executed,5
2221,exercised,5
2222,exhorting,5
2223,expert,5
2224,exposed,5
2225,faint,5
2226,fasted,5
2227,feeding,5
2228,feeling,5
2229,fiery,5
2230,fifteenth,5
2231,fighting,5
2232,flatter,5
2233,forests,5
2234,forgiveness,5
2235,forts,5
2236,foundations,5
2237,friend,5
2238,furnace,5
2239,gall,5
2240,game,5
2241,gilgal,5
2242,glorious,5
2243,grapes,5
2244,grief,5
2245,guide,5
2246,hang,5
2247,harrow,5
2248,harrowed,5
2249,hearthom,5
2250,history,5
2251,hit,5
2252,home,5
2253,homes,5
2254,honor,5
2255,imagine,5
2256,immovable,5
2257,imparted,5
2258,infirmities,5
2259,interpret,5
2260,interpreted,5
2261,inviteth,5
2262,ishmaelites,5
2263,judea,5
2264,kim,5
2265,kindled,5
2266,kneel,5
2267,knows,5
2268,lame,5
2269,lasciviousness,5
2270,leads,5
2271,lemuelites,5
2272,length,5
2273,levi,5
2274,lies,5
2275,likened,5
2276,limbs,5
2277,listen,5
2278,listeth,5
2279,looking,5
2280,magnify,5
2281,majesty,5
2282,meeting,5
2283,melchizedek,5
2284,merits,5
2285,merry,5
2286,mightier,5
2287,mindful,5
2288,moth,5
2289,move,5
2290,murderer,5
2291,neglect,5
2292,ordain,5
2293,orihah,5
2294,overshadowed,5
2295,pachus,5
2296,pacumeni,5
2297,paradise,5
2298,partaken,5
2299,partaking,5
2300,patient,5
2301,performed,5
2302,perisheth,5
2303,polluted,5
2304,ponder,5
2305,powers,5
2306,prisons,5
2307,privilege,5
2308,professed,5
2309,profiteth,5
2310,prolong,5
2311,proper,5
2312,prudent,5
2313,pruned,5
2314,pursuing,5
2315,questions,5
2316,raising,5
2317,recall,5
2318,reckoning,5
2319,reclaim,5
2320,reconciled,5
2321,regained,5
2322,regions,5
2323,relying,5
2324,remaineth,5
2325,remaliah,5
2326,representation,5
2327,restoring,5
2328,rezin,5
2329,robe,5
2330,running,5
2331,sabbath,5
2332,sanctify,5
2333,sand,5
2334,sayest,5
2335,says,5
2336,selfsame,5
2337,sell,5
2338,sendeth,5
2339,sense,5
2340,short,5
2341,silks,5
2342,sincerity,5
2343,sinned,5
2344,sling,5
2345,smooth,5
2346,snare,5
2347,soldiers,5
2348,spit,5
2349,stars,5
2350,stealing,5
2351,steel,5
2352,stirring,5
2353,strengthened,5
2354,stronger,5
2355,suffice,5
2356,surround,5
2357,swore,5
2358,syria,5
2359,talked,5
2360,tame,5
2361,teacheth,5
2362,tempests,5
2363,temporally,5
2364,testifying,5
2365,timber,5
2366,translate,5
2367,trial,5
2368,trouble,5
2369,troubles,5
2370,unbelievers,5
2371,unholy,5
2372,unquenchable,5
2373,unworthy,5
2374,vapor,5
2375,wander,5
2376,wandered,5
2377,want,5
2378,weep,5
2379,whirlwind,5
2380,wither,5
2381,withheld,5
2382,womb,5
2383,workers,5
2384,workings,5
2385,yourself,5
2386,zemnarihah,5
2387,zenock,5
2388,abound,4
2389,ahah,4
2390,along,4
2391,altar,4
2392,amalickiahites,4
2393,amazement,4
2394,amnigaddah,4
2395,amos,4
2396,appearance,4
2397,arrow,4
2398,arts,4
2399,ascension,4
2400,asketh,4
2401,ax,4
2402,banks,4
2403,barley,4
2404,beforehand,4
2405,behind,4
2406,behooveth,4
2407,believers,4
2408,benefit,4
2409,beseech,4
2410,block,4
2411,bloodsheds,4
2412,bordering,4
2413,bore,4
2414,breathe,4
2415,buildeth,4
2416,camps,4
2417,carrying,4
2418,cement,4
2419,chickens,4
2420,christians,4
2421,compel,4
2422,conceive,4
2423,condemneth,4
2424,conquered,4
2425,consequences,4
2426,considered,4
2427,construct,4
2428,consulted,4
2429,consume,4
2430,conversion,4
2431,corom,4
2432,correspondence,4
2433,council,4
2434,cow,4
2435,cumber,4
2436,damascus,4
2437,dangerous,4
2438,deal,4
2439,decree,4
2440,deed,4
2441,departure,4
2442,deserted,4
2443,dethrone,4
2444,difficulty,4
2445,disappointed,4
2446,distant,4
2447,ditch,4
2448,doctrines,4
2449,dogs,4
2450,dominion,4
2451,dreadful,4
2452,dressed,4
2453,earthquakes,4
2454,elected,4
2455,endeth,4
2456,energy,4
2457,enlarge,4
2458,enough,4
2459,envy,4
2460,error,4
2461,exclaim,4
2462,experiment,4
2463,explain,4
2464,fail,4
2465,fault,4
2466,faults,4
2467,fed,4
2468,fighteth,4
2469,final,4
2470,findeth,4
2471,foolishness,4
2472,fools,4
2473,forbid,4
2474,forefathers,4
2475,forgiven,4
2476,formation,4
2477,founded,4
2478,fourteenth,4
2479,fraud,4
2480,friendly,4
2481,fruitful,4
2482,gathering,4
2483,goeth,4
2484,govern,4
2485,governed,4
2486,grasp,4
2487,grew,4
2488,grounds,4
2489,harass,4
2490,haughtiness,4
2491,heaps,4
2492,hearted,4
2493,hedge,4
2494,height,4
2495,hen,4
2496,hideth,4
2497,higher,4
2498,highway,4
2499,highways,4
2500,host,4
2501,hungered,4
2502,hunt,4
2503,indignation,4
2504,industrious,4
2505,instances,4
2506,instructed,4
2507,instruments,4
2508,intention,4
2509,intercession,4
2510,jacobites,4
2511,jordan,4
2512,josephites,4
2513,justly,4
2514,kindle,4
2515,kish,4
2516,knelt,4
2517,languages,4
2518,least,4
2519,lebanon,4
2520,lengthen,4
2521,lieth,4
2522,likeness,4
2523,lo,4
2524,lowliness,4
2525,maid,4
2526,maintaining,4
2527,manifestations,4
2528,mansions,4
2529,marveled,4
2530,mingle,4
2531,mist,4
2532,moon,4
2533,mortality,4
2534,mourned,4
2535,multiplied,4
2536,murmured,4
2537,mystery,4
2538,nehors,4
2539,nimrod,4
2540,numberless,4
2541,offense,4
2542,officers,4
2543,often,4
2544,opportunity,4
2545,opposition,4
2546,oppressed,4
2547,oppressor,4
2548,overrun,4
2549,overtaken,4
2550,owe,4
2551,ox,4
2552,paid,4
2553,particularly,4
2554,peopled,4
2555,perceived,4
2556,perverting,4
2557,petition,4
2558,pity,4
2559,play,4
2560,pled,4
2561,plucked,4
2562,plunderings,4
2563,pointing,4
2564,pondering,4
2565,praising,4
2566,precept,4
2567,preparatory,4
2568,pretended,4
2569,prevail,4
2570,priestcraft,4
2571,princes,4
2572,privily,4
2573,probationary,4
2574,profession,4
2575,progress,4
2576,prolonged,4
2577,protected,4
2578,publish,4
2579,publisheth,4
2580,punish,4
2581,purity,4
2582,quickly,4
2583,rebellions,4
2584,rebuked,4
2585,redeemeth,4
2586,refuse,4
2587,regulations,4
2588,rehearse,4
2589,reigns,4
2590,rejoiceth,4
2591,rejoicings,4
2592,remove,4
2593,repair,4
2594,reproach,4
2595,required,4
2596,resort,4
2597,restore,4
2598,reunited,4
2599,reveal,4
2600,revenge,4
2601,ripened,4
2602,ripening,4
2603,roads,4
2604,robbing,4
2605,room,4
2606,sackcloth,4
2607,salt,4
2608,sariah,4
2609,satisfied,4
2610,saving,4
2611,scourged,4
2612,scripture,4
2613,seasons,4
2614,senum,4
2615,sepulchre,4
2616,settled,4
2617,seventeenth,4
2618,ships,4
2619,silence,4
2620,sinner,4
2621,sinners,4
2622,sitting,4
2623,sixteenth,4
2624,slept,4
2625,slippery,4
2626,slothful,4
2627,snares,4
2628,sober,4
2629,society,4
2630,spreading,4
2631,sprouteth,4
2632,stain,4
2633,started,4
2634,steadfastness,4
2635,steadiness,4
2636,stiffneckedness,4
2637,sting,4
2638,stirreth,4
2639,strangers,4
2640,stricken,4
2641,strictly,4
2642,strife,4
2643,strongest,4
2644,struggle,4
2645,stubbornness,4
2646,subjecting,4
2647,subjection,4
2648,subjects,4
2649,submit,4
2650,subsist,4
2651,supply,4
2652,swell,4
2653,synagogue,4
2654,tabernacle,4
2655,teomner,4
2656,testifieth,4
2657,thenceforth,4
2658,thieves,4
2659,thinketh,4
2660,thirsty,4
2661,thirteenth,4
2662,thrones,4
2663,tithes,4
2664,title,4
2665,tomorrow,4
2666,towers,4
2667,transgressed,4
2668,translated,4
2669,transpired,4
2670,travail,4
2671,treasury,4
2672,trembling,4
2673,tried,4
2674,tumultuous,4
2675,twentieth,4
2676,unbelieving,4
2677,uncircumcised,4
2678,undertaken,4
2679,unfolded,4
2680,uniting,4
2681,unshaken,4
2682,unworthily,4
2683,used,4
2684,vary,4
2685,vine,4
2686,visiting,4
2687,warned,4
2688,watchmen,4
2689,wearing,4
2690,weighed,4
2691,wept,4
2692,whirlwinds,4
2693,whisper,4
2694,wilfully,4
2695,wish,4
2696,withered,4
2697,withhold,4
2698,withholding,4
2699,wolf,4
2700,worthy,4
2701,wronged,4
2702,zealous,4
2703,abridgment,3
2704,accord,3
2705,accused,3
2706,acknowledged,3
2707,acquainted,3
2708,acted,3
2709,added,3
2710,administering,3
2711,admonished,3
2712,agree,3
2713,although,3
2714,aminadab,3
2715,aminadi,3
2716,amnor,3
2717,amount,3
2718,ancients,3
2719,anoint,3
2720,antipas,3
2721,apart,3
2722,apostle,3
2723,appeareth,3
2724,arouse,3
2725,asleep,3
2726,assyrian,3
2727,atoneth,3
2728,atoning,3
2729,attain,3
2730,attempted,3
2731,author,3
2732,availeth,3
2733,awaken,3
2734,aware,3
2735,battles,3
2736,beam,3
2737,begging,3
2738,besides,3
2739,best,3
2740,bestow,3
2741,beware,3
2742,blinded,3
2743,bold,3
2744,breaketh,3
2745,breast,3
2746,breastwork,3
2747,broad,3
2748,burying,3
2749,business,3
2750,butter,3
2751,cain,3
2752,calamity,3
2753,capable,3
2754,carcasses,3
2755,cases,3
2756,cedars,3
2757,cezoram,3
2758,changeable,3
2759,chasten,3
2760,cheek,3
2761,cheer,3
2762,chemish,3
2763,cherubim,3
2764,cimeter,3
2765,circumspectly,3
2766,clapped,3
2767,clay,3
2768,clubs,3
2769,cockatrice,3
2770,complained,3
2771,comprehend,3
2772,concourses,3
2773,condescension,3
2774,confessed,3
2775,confused,3
2776,considering,3
2777,consisted,3
2778,consuming,3
2779,continued,3
2780,converse,3
2781,conversed,3
2782,corianton,3
2783,corn,3
2784,covet,3
2785,creatures,3
2786,crucified,3
2787,dealings,3
2788,defiance,3
2789,den,3
2790,desert,3
2791,despair,3
2792,devices,3
2793,different,3
2794,difficult,3
2795,direct,3
2796,directed,3
2797,directions,3
2798,director,3
2799,discern,3
2800,disguise,3
2801,disposition,3
2802,dissension,3
2803,distance,3
2804,disturbance,3
2805,disturbances,3
2806,doubting,3
2807,dragons,3
2808,dregs,3
2809,driving,3
2810,dug,3
2811,dwelling,3
2812,easiness,3
2813,eastward,3
2814,eightieth,3
2815,embassy,3
2816,enable,3
2817,encompassed,3
2818,enlightened,3
2819,ensign,3
2820,enticeth,3
2821,eve,3
2822,evidences,3
2823,executeth,3
2824,exhorted,3
2825,existence,3
2826,faculties,3
2827,familiar,3
2828,famines,3
2829,fastened,3
2830,fat,3
2831,fatherless,3
2832,fatlings,3
2833,fearful,3
2834,felt,3
2835,filling,3
2836,finally,3
2837,fingers,3
2838,fish,3
2839,fixed,3
2840,flattery,3
2841,fleeth,3
2842,flint,3
2843,fly,3
2844,fool,3
2845,foreheads,3
2846,former,3
2847,fornication,3
2848,fowl,3
2849,fowls,3
2850,fresh,3
2851,front,3
2852,frustrated,3
2853,fulfilleth,3
2854,further,3
2855,gird,3
2856,gladly,3
2857,glance,3
2858,glut,3
2859,goat,3
2860,goats,3
2861,gotten,3
2862,graves,3
2863,grind,3
2864,groanings,3
2865,gross,3
2866,guarded,3
2867,halted,3
2868,harvest,3
2869,headed,3
2870,hearkeneth,3
2871,heathen,3
2872,hebrew,3
2873,held,3
2874,hence,3
2875,hidden,3
2876,hilt,3
2877,holding,3
2878,honorable,3
2879,hosanna,3
2880,hour,3
2881,howling,3
2882,howlings,3
2883,human,3
2884,humbleth,3
2885,idle,3
2886,idolatrous,3
2887,ignorant,3
2888,images,3
2889,imaginations,3
2890,imagined,3
2891,imperfection,3
2892,indebted,3
2893,infested,3
2894,inflicted,3
2895,inhabitant,3
2896,instruction,3
2897,intents,3
2898,islands,3
2899,jarom,3
2900,javelin,3
2901,jealous,3
2902,john,3
2903,joining,3
2904,jot,3
2905,joyful,3
2906,justifieth,3
2907,justify,3
2908,kindness,3
2909,kinsfolk,3
2910,knock,3
2911,knocketh,3
2912,lamentations,3
2913,lawful,3
2914,lick,3
2915,lifting,3
2916,likewise,3
2917,lions,3
2918,loathsome,3
2919,lofty,3
2920,looks,3
2921,lusts,3
2922,management,3
2923,manasseh,3
2924,masters,3
2925,meant,3
2926,meekness,3
2927,melt,3
2928,messengers,3
2929,milk,3
2930,miraculous,3
2931,moment,3
2932,mote,3
2933,murderous,3
2934,murmurings,3
2935,necessary,3
2936,nobility,3
2937,noble,3
2938,nothingness,3
2939,nourishment,3
2940,obscurity,3
2941,offend,3
2942,onidah,3
2943,opening,3
2944,openly,3
2945,oppress,3
2946,oppression,3
2947,ordinance,3
2948,ornamented,3
2949,ornaments,3
2950,outer,3
2951,overshadowing,3
2952,owed,3
2953,pacify,3
2954,pained,3
2955,parent,3
2956,partook,3
2957,persons,3
2958,persuaded,3
2959,pestilences,3
2960,philistines,3
2961,pillar,3
2962,please,3
2963,plenty,3
2964,popular,3
2965,pouring,3
2966,praised,3
2967,preparation,3
2968,prepareth,3
2969,preservation,3
2970,pressing,3
2971,price,3
2972,privileged,3
2973,prosperous,3
2974,prostrate,3
2975,provide,3
2976,provided,3
2977,provocation,3
2978,provoke,3
2979,published,3
2980,publishing,3
2981,purposed,3
2982,quaking,3
2983,queens,3
2984,railing,3
2985,raiment,3
2986,reading,3
2987,rebuilt,3
2988,recovered,3
2989,redeeming,3
2990,refrain,3
2991,refuge,3
2992,relate,3
2993,release,3
2994,relief,3
2995,remaining,3
2996,rememberest,3
2997,remorse,3
2998,render,3
2999,repenting,3
3000,reprove,3
3001,request,3
3002,respect,3
3003,retaining,3
3004,retired,3
3005,retreated,3
3006,rewarded,3
3007,rightly,3
3008,rivers,3
3009,roar,3
3010,rolled,3
3011,rudeness,3
3012,rust,3
3013,sacrifices,3
3014,safely,3
3015,sail,3
3016,sandy,3
3017,scent,3
3018,scroll,3
3019,seats,3
3020,secretly,3
3021,seezoram,3
3022,sending,3
3023,seon,3
3024,served,3
3025,serveth,3
3026,seth,3
3027,shem,3
3028,sherem,3
3029,sherrizah,3
3030,shielded,3
3031,shim,3
3032,shorn,3
3033,shoulder,3
3034,shout,3
3035,showeth,3
3036,sinful,3
3037,single,3
3038,situation,3
3039,sole,3
3040,solemn,3
3041,song,3
3042,sorry,3
3043,sparing,3
3044,spin,3
3045,spokesman,3
3046,spurn,3
3047,spy,3
3048,stabbed,3
3049,stained,3
3050,stationed,3
3051,steer,3
3052,stink,3
3053,stole,3
3054,stolen,3
3055,stranger,3
3056,strengthening,3
3057,stripped,3
3058,stronghold,3
3059,strugglings,3
3060,submissive,3
3061,succeeded,3
3062,sucking,3
3063,suddenly,3
3064,supreme,3
3065,swelleth,3
3066,swelling,3
3067,swift,3
3068,task,3
3069,tax,3
3070,teareth,3
3071,teeth,3
3072,termed,3
3073,thick,3
3074,threw,3
3075,tilling,3
3076,tittle,3
3077,toil,3
3078,token,3
3079,tolerable,3
3080,tops,3
3081,tossed,3
3082,traffic,3
3083,transgressor,3
3084,traveling,3
3085,treaty,3
3086,tremendous,3
3087,tribe,3
3088,trump,3
3089,trusted,3
3090,twice,3
3091,uncleanness,3
3092,unfold,3
3093,unfolding,3
3094,unknown,3
3095,unrighteous,3
3096,unspeakable,3
3097,unworthiness,3
3098,usurp,3
3099,uttermost,3
3100,valiant,3
3101,valiantly,3
3102,valleys,3
3103,views,3
3104,vigor,3
3105,visionary,3
3106,visions,3
3107,visitation,3
3108,void,3
3109,wade,3
3110,wading,3
3111,wage,3
3112,waged,3
3113,waiting,3
3114,walked,3
3115,wanderers,3
3116,wandering,3
3117,wants,3
3118,warfare,3
3119,weakest,3
3120,wearied,3
3121,week,3
3122,weeping,3
3123,whilst,3
3124,wholly,3
3125,whomsoever,3
3126,windows,3
3127,wonderful,3
3128,worried,3
3129,wound,3
3130,yieldeth,3
3131,abandoned,2
3132,abhorrence,2
3133,abhorreth,2
3134,abinadom,2
3135,abounding,2
3136,abyss,2
3137,accept,2
3138,acceptable,2
3139,accounted,2
3140,add,2
3141,addition,2
3142,admit,2
3143,admonish,2
3144,adorn,2
3145,affrighted,2
3146,afterwards,2
3147,aged,2
3148,agosh,2
3149,agreement,2
3150,alliance,2
3151,aloud,2
3152,amaron,2
3153,amazed,2
3154,amgid,2
3155,ammah,2
3156,ammonites,2
3157,amoz,2
3158,anchor,2
3159,appeal,2
3160,appealed,2
3161,applied,2
3162,aright,2
3163,ariseth,2
3164,ashes,2
3165,asp,2
3166,assembling,2
3167,assembly,2
3168,ate,2
3169,athirst,2
3170,attacked,2
3171,attempts,2
3172,attended,2
3173,attention,2
3174,aught,2
3175,awaketh,2
3176,awfulness,2
3177,babes,2
3178,barren,2
3179,baz,2
3180,beast,2
3181,beaten,2
3182,bee,2
3183,beggar,2
3184,beguiled,2
3185,beheldest,2
3186,beings,2
3187,bellows,2
3188,belongs,2
3189,bent,2
3190,beset,2
3191,besought,2
3192,bidden,2
3193,bindeth,2
3194,bitten,2
3195,black,2
3196,blackness,2
3197,blaspheme,2
3198,bled,2
3199,blew,2
3200,blossoms,2
3201,bloweth,2
3202,boastings,2
3203,bordered,2
3204,borrow,2
3205,borroweth,2
3206,bottom,2
3207,bracelets,2
3208,brake,2
3209,bravery,2
3210,breasts,2
3211,breathed,2
3212,byword,2
3213,calf,2
3214,calves,2
3215,capital,2
3216,chaldeans,2
3217,changing,2
3218,chastity,2
3219,check,2
3220,chiefest,2
3221,chiefly,2
3222,choirs,2
3223,civilization,2
3224,clasped,2
3225,cloak,2
3226,closed,2
3227,closet,2
3228,clouds,2
3229,combine,2
3230,comely,2
3231,comnor,2
3232,compared,2
3233,compound,2
3234,conceived,2
3235,condescensions,2
3236,condition,2
3237,conducted,2
3238,confederacy,2
3239,confederate,2
3240,confessing,2
3241,confusion,2
3242,considerable,2
3243,consignation,2
3244,consolation,2
3245,console,2
3246,constrain,2
3247,constraineth,2
3248,consult,2
3249,consumeth,2
3250,consumption,2
3251,contains,2
3252,contendeth,2
3253,conversing,2
3254,convert,2
3255,cord,2
3256,corners,2
3257,counselor,2
3258,countenances,2
3259,covenanting,2
3260,covering,2
3261,cracks,2
3262,craft,2
3263,crept,2
3264,crieth,2
3265,critical,2
3266,crossing,2
3267,cruel,2
3268,crumble,2
3269,cumoms,2
3270,cureloms,2
3271,curseth,2
3272,darkest,2
3273,dash,2
3274,dashed,2
3275,date,2
3276,dawn,2
3277,daytime,2
3278,deadness,2
3279,dear,2
3280,dearth,2
3281,decay,2
3282,deceit,2
3283,declined,2
3284,decoy,2
3285,decreed,2
3286,degrees,2
3287,delicate,2
3288,deposited,2
3289,depressed,2
3290,depth,2
3291,description,2
3292,despiseth,2
3293,destroyeth,2
3294,destroying,2
3295,devised,2
3296,digging,2
3297,dilemma,2
3298,dimness,2
3299,direction,2
3300,dirt,2
3301,disappointment,2
3302,dismissed,2
3303,disobedience,2
3304,disperse,2
3305,dispersion,2
3306,displeased,2
3307,displeasure,2
3308,distinguish,2
3309,disturb,2
3310,divideth,2
3311,divine,2
3312,divorcement,2
3313,doom,2
3314,doubtless,2
3315,dove,2
3316,drag,2
3317,dread,2
3318,dreamed,2
3319,dreameth,2
3320,dreams,2
3321,dreary,2
3322,dross,2
3323,drunkenness,2
3324,dung,2
3325,dunged,2
3326,dungeons,2
3327,duration,2
3328,dwellest,2
3329,dyed,2
3330,edge,2
3331,egyptian,2
3332,elements,2
3333,elephants,2
3334,emptied,2
3335,encamp,2
3336,endeavoring,2
3337,endurance,2
3338,enforce,2
3339,enjoy,2
3340,enjoyed,2
3341,enlarged,2
3342,enormity,2
3343,ensnare,2
3344,enticing,2
3345,enticings,2
3346,entreated,2
3347,envying,2
3348,erect,2
3349,erected,2
3350,establishing,2
3351,evening,2
3352,everything,2
3353,exalt,2
3354,examples,2
3355,exerciseth,2
3356,exercising,2
3357,exist,2
3358,expand,2
3359,expect,2
3360,experienced,2
3361,explained,2
3362,expressly,2
3363,exquisite,2
3364,ezrom,2
3365,faculty,2
3366,falleth,2
3367,faster,2
3368,fatling,2
3369,favors,2
3370,fears,2
3371,feasting,2
3372,feelings,2
3373,felled,2
3374,fenced,2
3375,fertile,2
3376,fervent,2
3377,fever,2
3378,fevers,2
3379,fierceness,2
3380,fiftieth,2
3381,firmer,2
3382,firmly,2
3383,flattered,2
3384,fleeing,2
3385,flood,2
3386,flow,2
3387,flying,2
3388,footstool,2
3389,forasmuch,2
3390,forbade,2
3391,foreknowledge,2
3392,foremost,2
3393,fortieth,2
3394,fragments,2
3395,framed,2
3396,frighten,2
3397,fuel,2
3398,fuller,2
3399,gentile,2
3400,giddonah,2
3401,gives,2
3402,gnashing,2
3403,gods,2
3404,goest,2
3405,golden,2
3406,goodly,2
3407,goods,2
3408,granteth,2
3409,grass,2
3410,grosser,2
3411,grossly,2
3412,groweth,2
3413,grown,2
3414,hadst,2
3415,hail,2
3416,hallowed,2
3417,hamath,2
3418,hanged,2
3419,hangeth,2
3420,happier,2
3421,hardeneth,2
3422,harshness,2
3423,hash,2
3424,haughty,2
3425,heardest,2
3426,hearest,2
3427,heareth,2
3428,hearing,2
3429,heeded,2
3430,heights,2
3431,heirs,2
3432,hem,2
3433,hew,2
3434,highness,2
3435,hired,2
3436,holds,2
3437,holes,2
3438,honest,2
3439,hoofs,2
3440,hoped,2
3441,hoping,2
3442,horrible,2
3443,humbly,2
3444,hunter,2
3445,hypocrisy,2
3446,hypocrite,2
3447,idol,2
3448,idolatries,2
3449,ignorantly,2
3450,immanuel,2
3451,immediate,2
3452,imparting,2
3453,impenitent,2
3454,imperfections,2
3455,importance,2
3456,incorrect,2
3457,incorrectness,2
3458,incorruptible,2
3459,indeed,2
3460,indulge,2
3461,industry,2
3462,infest,2
3463,inflict,2
3464,informed,2
3465,injustice,2
3466,inner,2
3467,innumerable,2
3468,inspire,2
3469,instructions,2
3470,interpreting,2
3471,intrigue,2
3472,invitation,2
3473,inward,2
3474,jashon,2
3475,jehovah,2
3476,jesse,2
3477,jewels,2
3478,joint,2
3479,jonas,2
3480,josh,2
3481,judgeth,2
3482,justified,2
3483,keepeth,2
3484,kid,2
3485,kiss,2
3486,knees,2
3487,laborer,2
3488,laborers,2
3489,ladders,2
3490,laden,2
3491,lamanitish,2
3492,lament,2
3493,lamenting,2
3494,lasted,2
3495,lasting,2
3496,latchet,2
3497,later,2
3498,layeth,2
3499,legs,2
3500,lend,2
3501,lengthened,2
3502,leopard,2
3503,level,2
3504,liberal,2
3505,liberated,2
3506,liberties,2
3507,lightly,2
3508,limb,2
3509,limnah,2
3510,livest,2
3511,loftiness,2
3512,looketh,2
3513,lot,2
3514,lower,2
3515,lucre,2
3516,lust,2
3517,luster,2
3518,mad,2
3519,maher,2
3520,main,2
3521,maintenance,2
3522,malachi,2
3523,manifestation,2
3524,manifesteth,2
3525,manna,2
3526,marred,2
3527,married,2
3528,martyrdom,2
3529,marvelings,2
3530,mary,2
3531,matters,2
3532,measured,2
3533,mediator,2
3534,merit,2
3535,messenger,2
3536,metals,2
3537,methought,2
3538,mid,2
3539,midian,2
3540,mildness,2
3541,millions,2
3542,minded,2
3543,ministers,2
3544,mire,2
3545,mistake,2
3546,mists,2
3547,mix,2
3548,mocked,2
3549,mockery,2
3550,moldering,2
3551,molest,2
3552,moveth,2
3553,muloki,2
3554,murdereth,2
3555,murderings,2
3556,nails,2
3557,named,2
3558,nativity,2
3559,nazareth,2
3560,neglected,2
3561,neighboring,2
3562,next,2
3563,nimrah,2
3564,ninetieth,2
3565,noised,2
3566,noises,2
3567,nowhere,2
3568,numbereth,2
3569,offended,2
3570,offereth,2
3571,omni,2
3572,onti,2
3573,onties,2
3574,oppose,2
3575,opposite,2
3576,oppressors,2
3577,ores,2
3578,ornament,2
3579,outcasts,2
3580,outward,2
3581,oven,2
3582,overflow,2
3583,oxen,2
3584,paanchi,2
3585,pace,2
3586,pagag,2
3587,palace,2
3588,pale,2
3589,palestina,2
3590,partial,2
3591,passage,2
3592,passeth,2
3593,pasture,2
3594,peaceable,2
3595,pearls,2
3596,perdition,2
3597,perfectly,2
3598,performance,2
3599,perishing,2
3600,person,2
3601,persuasions,2
3602,perverted,2
3603,pharaoh,2
3604,pickets,2
3605,piece,2
3606,pierced,2
3607,pits,2
3608,placing,2
3609,plot,2
3610,plots,2
3611,plow,2
3612,pointed,2
3613,pole,2
3614,pollutions,2
3615,pomp,2
3616,pondereth,2
3617,practice,2
3618,prayest,2
3619,prayeth,2
3620,pressed,2
3621,previous,2
3622,prince,2
3623,prints,2
3624,privately,2
3625,proclaimed,2
3626,procrastinate,2
3627,procrastinated,2
3628,profound,2
3629,prophesieth,2
3630,prophesyings,2
3631,protector,2
3632,proved,2
3633,proving,2
3634,provoked,2
3635,punishments,2
3636,purged,2
3637,pursuit,2
3638,putting,2
3639,quench,2
3640,quiet,2
3641,quiver,2
3642,rabbanah,2
3643,raiseth,2
3644,ranks,2
3645,rashly,2
3646,ravenous,2
3647,raw,2
3648,reach,2
3649,reached,2
3650,realize,2
3651,really,2
3652,rearward,2
3653,rebelling,2
3654,rebellious,2
3655,reception,2
3656,reckon,2
3657,reclaimed,2
3658,recommend,2
3659,reduced,2
3660,refined,2
3661,refiner,2
3662,regaining,2
3663,regard,2
3664,region,2
3665,regulation,2
3666,reins,2
3667,rejecting,2
3668,related,2
3669,relieved,2
3670,rely,2
3671,remembering,2
3672,remnants,2
3673,rendered,2
3674,repay,2
3675,repulsed,2
3676,requested,2
3677,reserved,2
3678,resolve,2
3679,resolved,2
3680,responsibility,2
3681,rested,2
3682,restrain,2
3683,retake,2
3684,returning,2
3685,revilings,2
3686,rewards,2
3687,righteously,2
3688,rings,2
3689,riplah,2
3690,rites,2
3691,roaring,2
3692,robbings,2
3693,roll,2
3694,rose,2
3695,rough,2
3696,rush,2
3697,rushed,2
3698,sacrificed,2
3699,sad,2
3700,safe,2
3701,saidst,2
3702,sailed,2
3703,salem,2
3704,sally,2
3705,sanctification,2
3706,sanctuary,2
3707,satisfy,2
3708,savor,2
3709,scarce,2
3710,scarlets,2
3711,scattering,2
3712,scorn,2
3713,seams,2
3714,searching,2
3715,secrete,2
3716,secreted,2
3717,secure,2
3718,seize,2
3719,sensual,2
3720,senums,2
3721,separation,2
3722,seraphim,2
3723,setting,2
3724,several,2
3725,shalal,2
3726,shazer,2
3727,sheaves,2
3728,shiblum,2
3729,shipping,2
3730,shore,2
3731,shum,2
3732,shurr,2
3733,sickness,2
3734,sicknesses,2
3735,sift,2
3736,simpleness,2
3737,sinai,2
3738,sincere,2
3739,sixteen,2
3740,skill,2
3741,slacken,2
3742,slayeth,2
3743,slothfulness,2
3744,slumber,2
3745,slumbered,2
3746,smile,2
3747,smiteth,2
3748,smiting,2
3749,snatch,2
3750,snatched,2
3751,sodom,2
3752,sojourn,2
3753,soldier,2
3754,solid,2
3755,something,2
3756,sooner,2
3757,soothsayers,2
3758,sorceries,2
3759,sorely,2
3760,sorroweth,2
3761,sorrowing,2
3762,sparks,2
3763,speakest,2
3764,spears,2
3765,spilt,2
3766,spindles,2
3767,spitting,2
3768,spoiled,2
3769,springing,2
3770,springs,2
3771,stains,2
3772,stakes,2
3773,stalk,2
3774,stall,2
3775,star,2
3776,stating,2
3777,steps,2
3778,stiff,2
3779,stiffness,2
3780,store,2
3781,stout,2
3782,straightway,2
3783,straw,2
3784,strictness,2
3785,strip,2
3786,stripes,2
3787,stripling,2
3788,stroke,2
3789,studied,2
3790,study,2
3791,subtle,2
3792,subtlety,2
3793,suck,2
3794,sue,2
3795,suits,2
3796,supplicate,2
3797,supplication,2
3798,surrendered,2
3799,swearing,2
3800,sweep,2
3801,swine,2
3802,tail,2
3803,tale,2
3804,tasks,2
3805,telleth,2
3806,temperate,2
3807,tempted,2
3808,tempting,2
3809,terribly,2
3810,thankful,2
3811,theirs,2
3812,thereon,2
3813,therewith,2
3814,thickets,2
3815,thinking,2
3816,thoughtless,2
3817,threatened,2
3818,thrice,2
3819,throw,2
3820,throwing,2
3821,thrown,2
3822,tinkling,2
3823,toiled,2
3824,tool,2
3825,tooth,2
3826,touching,2
3827,toward,2
3828,towns,2
3829,trampled,2
3830,transfiguration,2
3831,transgresseth,2
3832,transgressors,2
3833,travails,2
3834,treadeth,2
3835,trembled,2
3836,trumpet,2
3837,trusting,2
3838,types,2
3839,unalterable,2
3840,unchangeable,2
3841,unconquerable,2
3842,uneasy,2
3843,ungodliness,2
3844,unhappy,2
3845,unpardonable,2
3846,unprofitable,2
3847,unrighteousness,2
3848,unwearyingness,2
3849,uphold,2
3850,uprightness,2
3851,useful,2
3852,usurped,2
3853,uttered,2
3854,uzziah,2
3855,vanish,2
3856,vex,2
3857,victims,2
3858,viewing,2
3859,vineyards,2
3860,virtue,2
3861,vital,2
3862,vultures,2
3863,wail,2
3864,wailing,2
3865,waketh,2
3866,warm,2
3867,warn,2
3868,warning,2
3869,wasted,2
3870,watched,2
3871,watchful,2
3872,watering,2
3873,wealthy,2
3874,weaned,2
3875,weapon,2
3876,whale,2
3877,whatever,2
3878,wheat,2
3879,whispereth,2
3880,wide,2
3881,widow,2
3882,willingness,2
3883,win,2
3884,wist,2
3885,witchcrafts,2
3886,withdrawn,2
3887,woe,2
3888,wolves,2
3889,workest,2
3890,workmen,2
3891,worm,2
3892,worms,2
3893,worn,2
3894,worse,2
3895,worthiness,2
3896,yielding,2
3897,youngest,2
3898,zeal,2
3899,ziff,2
3900,zoramite,2
3901,abandon,1
3902,abasing,1
3903,abel,1
3904,abhor,1
3905,abhorrest,1
3906,abish,1
3907,ablom,1
3908,aboard,1
3909,abolish,1
3910,abolished,1
3911,abridged,1
3912,abridging,1
3913,absence,1
3914,abundant,1
3915,abused,1
3916,access,1
3917,accomplishment,1
3918,accordingly,1
3919,accountable,1
3920,accounts,1
3921,accusation,1
3922,accusing,1
3923,acknowledgeth,1
3924,acquaint,1
3925,acquired,1
3926,acres,1
3927,acting,1
3928,activity,1
3929,actual,1
3930,address,1
3931,adhere,1
3932,adieu,1
3933,admitted,1
3934,admitting,1
3935,admonishing,1
3936,admonition,1
3937,admonitions,1
3938,adopted,1
3939,adorning,1
3940,adulterers,1
3941,adulterous,1
3942,advantages,1
3943,advocateth,1
3944,afar,1
3945,affections,1
3946,afforded,1
3947,agates,1
3948,aggravating,1
3949,agony,1
3950,agreements,1
3951,aha,1
3952,aiath,1
3953,alarming,1
3954,allotted,1
3955,allotteth,1
3956,allowance,1
3957,alpha,1
3958,alter,1
3959,alteration,1
3960,altering,1
3961,altogether,1
3962,amalekite,1
3963,amiss,1
3964,ammonihahites,1
3965,amnihu,1
3966,amoron,1
3967,anathoth,1
3968,anew,1
3969,angola,1
3970,ani,1
3971,animal,1
3972,ankles,1
3973,anointing,1
3974,answering,1
3975,antiomno,1
3976,antion,1
3977,antionah,1
3978,antum,1
3979,anxious,1
3980,anyone,1
3981,appearing,1
3982,appears,1
3983,appease,1
3984,appeased,1
3985,appellation,1
3986,appetite,1
3987,apply,1
3988,apprised,1
3989,approach,1
3990,approaching,1
3991,arabian,1
3992,archeantus,1
3993,ark,1
3994,arming,1
3995,armshields,1
3996,arpad,1
3997,arraigned,1
3998,arrange,1
3999,arrayed,1
4000,arrogancy,1
4001,artificer,1
4002,ascribe,1
4003,ascribing,1
4004,asked,1
4005,asking,1
4006,assemblies,1
4007,asses,1
4008,associate,1
4009,assurance,1
4010,assurances,1
4011,assured,1
4012,astonishing,1
4013,attempting,1
4014,attributed,1
4015,audience,1
4016,austere,1
4017,avengeth,1
4018,avenging,1
4019,awaiteth,1
4020,awaits,1
4021,awkwardness,1
4022,babblings,1
4023,baldness,1
4024,banished,1
4025,banner,1
4026,barbarous,1
4027,barns,1
4028,base,1
4029,baseness,1
4030,bashan,1
4031,bath,1
4032,bathe,1
4033,bats,1
4034,beach,1
4035,beard,1
4036,bearer,1
4037,beckoned,1
4038,becomes,1
4039,beds,1
4040,bees,1
4041,befall,1
4042,beggars,1
4043,begged,1
4044,beguile,1
4045,behave,1
4046,belonging,1
4047,below,1
4048,besom,1
4049,bestead,1
4050,bestir,1
4051,bethabara,1
4052,bibber,1
4053,bidding,1
4054,big,1
4055,bill,1
4056,binds,1
4057,bittern,1
4058,blade,1
4059,blades,1
4060,blasphemy,1
4061,bleeding,1
4062,blindeth,1
4063,bliss,1
4064,blocks,1
4065,bloody,1
4066,blot,1
4067,boaz,1
4068,bonnets,1
4069,bough,1
4070,bountifully,1
4071,bounty,1
4072,boweth,1
4073,brave,1
4074,brazen,1
4075,breach,1
4076,breadth,1
4077,breaking,1
4078,breastplate,1
4079,breathing,1
4080,bricks,1
4081,bride,1
4082,bridle,1
4083,brim,1
4084,brow,1
4085,bruise,1
4086,bruised,1
4087,brutal,1
4088,brutality,1
4089,bucklers,1
4090,bull,1
4091,burdened,1
4092,burdeneth,1
4093,burdensome,1
4094,burneth,1
4095,burst,1
4096,bushel,1
4097,bushes,1
4098,callings,1
4099,calm,1
4100,calno,1
4101,camped,1
4102,candle,1
4103,candles,1
4104,candlestick,1
4105,canker,1
4106,cankered,1
4107,captivate,1
4108,captivation,1
4109,carbuncles,1
4110,carcass,1
4111,carchemish,1
4112,carefully,1
4113,carnally,1
4114,carriages,1
4115,carrieth,1
4116,cart,1
4117,casteth,1
4118,cauls,1
4119,causes,1
4120,cautious,1
4121,caves,1
4122,ceaseless,1
4123,censured,1
4124,ceremony,1
4125,certainly,1
4126,chain,1
4127,chained,1
4128,chaldees,1
4129,chances,1
4130,changeth,1
4131,channels,1
4132,characters,1
4133,charges,1
4134,charitable,1
4135,charmed,1
4136,chased,1
4137,chaste,1
4138,chastisement,1
4139,cheateth,1
4140,checked,1
4141,cheerfully,1
4142,chiefs,1
4143,childhood,1
4144,childishness,1
4145,choicest,1
4146,choosing,1
4147,christs,1
4148,circumcision,1
4149,cite,1
4150,civil,1
4151,class,1
4152,classes,1
4153,clave,1
4154,cleanse,1
4155,cleared,1
4156,clearly,1
4157,cleaveth,1
4158,clefts,1
4159,climate,1
4160,climb,1
4161,clinging,1
4162,closets,1
4163,clothes,1
4164,club,1
4165,coal,1
4166,coals,1
4167,coarseness,1
4168,cold,1
4169,collected,1
4170,colors,1
4171,comeliness,1
4172,comest,1
4173,comfortedst,1
4174,comforter,1
4175,comforteth,1
4176,commandest,1
4177,commanding,1
4178,commend,1
4179,commending,1
4180,committeth,1
4181,communication,1
4182,communion,1
4183,company,1
4184,compare,1
4185,complaining,1
4186,complaint,1
4187,complaints,1
4188,complete,1
4189,composed,1
4190,comprehendeth,1
4191,concerned,1
4192,conclude,1
4193,condemning,1
4194,conduit,1
4195,confesses,1
4196,confidence,1
4197,confine,1
4198,confirm,1
4199,confirming,1
4200,conflict,1
4201,confounding,1
4202,congregation,1
4203,congregations,1
4204,conquerors,1
4205,consecrating,1
4206,considerest,1
4207,consign,1
4208,consist,1
4209,consisting,1
4210,consists,1
4211,consoling,1
4212,constellations,1
4213,construction,1
4214,containeth,1
4215,contempt,1
4216,content,1
4217,continuing,1
4218,contradict,1
4219,convey,1
4220,conveyed,1
4221,cook,1
4222,corner,1
4223,corruptness,1
4224,costliness,1
4225,counseled,1
4226,counseleth,1
4227,covenanteth,1
4228,covert,1
4229,cows,1
4230,create,1
4231,creating,1
4232,creditors,1
4233,crisis,1
4234,crisping,1
4235,crooked,1
4236,crops,1
4237,crosses,1
4238,crown,1
4239,cruelty,1
4240,crush,1
4241,crushed,1
4242,cubit,1
4243,cumbered,1
4244,cumenihah,1
4245,cure,1
4246,cures,1
4247,curing,1
4248,curtains,1
4249,cush,1
4250,cuts,1
4251,cutteth,1
4252,cutting,1
4253,daggers,1
4254,damage,1
4255,danced,1
4256,dare,1
4257,daring,1
4258,dart,1
4259,darts,1
4260,daunted,1
4261,daylight,1
4262,deadly,1
4263,deafness,1
4264,dealing,1
4265,deaths,1
4266,debtors,1
4267,debts,1
4268,decayed,1
4269,deceits,1
4270,deceiving,1
4271,deception,1
4272,declareth,1
4273,decrease,1
4274,decreeth,1
4275,defeat,1
4276,defended,1
4277,defending,1
4278,defer,1
4279,defiled,1
4280,deformed,1
4281,defy,1
4282,delays,1
4283,deliberately,1
4284,delicious,1
4285,delighting,1
4286,delivereth,1
4287,demanded,1
4288,demanding,1
4289,demons,1
4290,deniest,1
4291,denote,1
4292,dens,1
4293,departeth,1
4294,depended,1
4295,dependent,1
4296,depravity,1
4297,deprive,1
4298,deprived,1
4299,depriving,1
4300,derangement,1
4301,descend,1
4302,descends,1
4303,describe,1
4304,deseret,1
4305,deserting,1
4306,deserts,1
4307,desperately,1
4308,despisers,1
4309,despising,1
4310,despitefully,1
4311,destroyers,1
4312,detect,1
4313,determine,1
4314,dethroned,1
4315,dethroning,1
4316,device,1
4317,devise,1
4318,devourer,1
4319,devoureth,1
4320,devouring,1
4321,dew,1
4322,dies,1
4323,dimmed,1
4324,disadvantage,1
4325,disadvantages,1
4326,disannul,1
4327,discernible,1
4328,disciple,1
4329,disfigure,1
4330,disowned,1
4331,dispelled,1
4332,displease,1
4333,disputing,1
4334,disputings,1
4335,dissenter,1
4336,dissenting,1
4337,dissolved,1
4338,distress,1
4339,distressing,1
4340,disturbed,1
4341,ditches,1
4342,divides,1
4343,dividing,1
4344,divisions,1
4345,divorced,1
4346,divulge,1
4347,doers,1
4348,doest,1
4349,dog,1
4350,doleful,1
4351,dominions,1
4352,doors,1
4353,dormant,1
4354,double,1
4355,doubted,1
4356,doubtful,1
4357,doubtings,1
4358,dragged,1
4359,dragon,1
4360,dress,1
4361,drinking,1
4362,droop,1
4363,during,1
4364,dwellings,1
4365,dwells,1
4366,dwindling,1
4367,dying,1
4368,early,1
4369,earnestness,1
4370,earthquake,1
4371,eased,1
4372,easier,1
4373,edom,1
4374,effectual,1
4375,eggs,1
4376,elam,1
4377,elegant,1
4378,eleven,1
4379,elijah,1
4380,eloquent,1
4381,embarrassments,1
4382,embassies,1
4383,embrace,1
4384,employed,1
4385,employeth,1
4386,empty,1
4387,emron,1
4388,enact,1
4389,enacteth,1
4390,encircles,1
4391,enclose,1
4392,endeavored,1
4393,endlessly,1
4394,endured,1
4395,energies,1
4396,enforced,1
4397,engrave,1
4398,engraved,1
4399,engraving,1
4400,engulf,1
4401,enjoyment,1
4402,enlighten,1
4403,entereth,1
4404,entering,1
4405,entice,1
4406,enticed,1
4407,entirely,1
4408,enumerated,1
4409,envieth,1
4410,ephah,1
4411,equality,1
4412,erecting,1
4413,errand,1
4414,erred,1
4415,errors,1
4416,esrom,1
4417,establishment,1
4418,esteemeth,1
4419,esteeming,1
4420,everlastingly,1
4421,everywhere,1
4422,evidence,1
4423,evildoer,1
4424,evils,1
4425,exact,1
4426,exacted,1
4427,exactness,1
4428,examine,1
4429,exceeded,1
4430,excel,1
4431,excellency,1
4432,exclaimed,1
4433,exclaimeth,1
4434,exercises,1
4435,exert,1
4436,exerted,1
4437,exhausting,1
4438,exhortation,1
4439,exile,1
4440,expertness,1
4441,explaining,1
4442,expressed,1
4443,extending,1
4444,extinction,1
4445,extolled,1
4446,extreme,1
4447,exult,1
4448,ezias,1
4449,faction,1
4450,fadeth,1
4451,faggots,1
4452,faileth,1
4453,fain,1
4454,fainteth,1
4455,falsely,1
4456,fame,1
4457,famished,1
4458,fared,1
4459,farther,1
4460,fastest,1
4461,fatigued,1
4462,fatness,1
4463,feareth,1
4464,feasts,1
4465,feedeth,1
4466,feller,1
4467,fellowship,1
4468,fifteen,1
4469,figs,1
4470,filleth,1
4471,fills,1
4472,filth,1
4473,finisher,1
4474,fir,1
4475,firebrands,1
4476,fires,1
4477,firmament,1
4478,firstfruits,1
4479,firstlings,1
4480,fists,1
4481,flattereth,1
4482,flatteries,1
4483,flaxen,1
4484,flew,1
4485,flocking,1
4486,floor,1
4487,flourish,1
4488,folly,1
4489,foreign,1
4490,foresee,1
4491,foretold,1
4492,forgettest,1
4493,forgetting,1
4494,forgiveth,1
4495,forgot,1
4496,forsaking,1
4497,forswear,1
4498,fort,1
4499,fortifying,1
4500,fountains,1
4501,fourteen,1
4502,frailties,1
4503,frames,1
4504,frankly,1
4505,freed,1
4506,frenzied,1
4507,frequent,1
4508,fret,1
4509,furious,1
4510,furnaces,1
4511,furthermost,1
4512,gad,1
4513,gadiandi,1
4514,gadiomnah,1
4515,gainsaying,1
4516,galilee,1
4517,gallim,1
4518,garb,1
4519,garners,1
4520,gazelem,1
4521,geba,1
4522,gebim,1
4523,general,1
4524,generosity,1
4525,genius,1
4526,gentle,1
4527,getteth,1
4528,gibeah,1
4529,gidgiddonah,1
4530,gilead,1
4531,gilgah,1
4532,gimgimno,1
4533,gin,1
4534,girding,1
4535,glass,1
4536,glasses,1
4537,glimmer,1
4538,glutting,1
4539,gnash,1
4540,godliness,1
4541,goes,1
4542,gomorrah,1
4543,gore,1
4544,governments,1
4545,governors,1
4546,grafting,1
4547,grafts,1
4548,grasped,1
4549,grasps,1
4550,gratified,1
4551,gravel,1
4552,grey,1
4553,griefs,1
4554,grieve,1
4555,grieves,1
4556,grievously,1
4557,grievousness,1
4558,groan,1
4559,groaned,1
4560,groaneth,1
4561,grossest,1
4562,groves,1
4563,grudgingly,1
4564,guessed,1
4565,guides,1
4566,guile,1
4567,gushed,1
4568,gushing,1
4569,habitations,1
4570,hagoth,1
4571,hailed,1
4572,hairs,1
4573,halt,1
4574,handing,1
4575,handmaids,1
4576,happen,1
4577,hardening,1
4578,harder,1
4579,hardly,1
4580,harlot,1
4581,harmless,1
4582,harp,1
4583,harsh,1
4584,harshly,1
4585,hasten,1
4586,hasteneth,1
4587,havoc,1
4588,headbands,1
4589,healer,1
4590,healeth,1
4591,healings,1
4592,heapeth,1
4593,heaping,1
4594,hearer,1
4595,hearers,1
4596,hearkening,1
4597,helem,1
4598,helorum,1
4599,helped,1
4600,helpless,1
4601,hemmed,1
4602,herewith,1
4603,heritage,1
4604,heritages,1
4605,hermounts,1
4606,herself,1
4607,heshlon,1
4608,heweth,1
4609,hiding,1
4610,hilts,1
4611,hinder,1
4612,hindereth,1
4613,hinderment,1
4614,hinted,1
4615,hireling,1
4616,hoe,1
4617,hoist,1
4618,hoisted,1
4619,homely,1
4620,homer,1
4621,hoods,1
4622,hooks,1
4623,hopeth,1
4624,horeb,1
4625,horn,1
4626,horror,1
4627,horse,1
4628,hot,1
4629,howbeit,1
4630,hung,1
4631,hurl,1
4632,hushed,1
4633,hypocritical,1
4634,ignominious,1
4635,illuminated,1
4636,imagining,1
4637,immense,1
4638,immerse,1
4639,imparteth,1
4640,impede,1
4641,impeded,1
4642,impenetrable,1
4643,improve,1
4644,incomprehensible,1
4645,increased,1
4646,incur,1
4647,incurred,1
4648,indifference,1
4649,indolence,1
4650,indolent,1
4651,inexpressible,1
4652,infancy,1
4653,infant,1
4654,infidelity,1
4655,infirm,1
4656,inflame,1
4657,inflicteth,1
4658,inflicting,1
4659,inform,1
4660,information,1
4661,informing,1
4662,infused,1
4663,inhabit,1
4664,inherited,1
4665,iniquitous,1
4666,injure,1
4667,injured,1
4668,injuries,1
4669,inmost,1
4670,innocence,1
4671,insects,1
4672,insensibility,1
4673,insist,1
4674,instant,1
4675,instruct,1
4676,insurrections,1
4677,intentions,1
4678,intercourse,1
4679,interest,1
4680,interposition,1
4681,interrupt,1
4682,intrigues,1
4683,introduced,1
4684,invent,1
4685,invite,1
4686,inwardly,1
4687,irreantum,1
4688,isabel,1
4689,ishmaelitish,1
4690,isle,1
4691,israelites,1
4692,ites,1
4693,jacobugath,1
4694,jacom,1
4695,jaredites,1
4696,jeberechiah,1
4697,jeneum,1
4698,joins,1
4699,joints,1
4700,joshua,1
4701,jotham,1
4702,journeys,1
4703,joyed,1
4704,joyous,1
4705,keeper,1
4706,keys,1
4707,killeth,1
4708,kimnor,1
4709,knee,1
4710,kneeled,1
4711,knewest,1
4712,knit,1
4713,knowingly,1
4714,kumen,1
4715,kumenonhi,1
4716,lacking,1
4717,laish,1
4718,lamah,1
4719,lambs,1
4720,lamented,1
4721,landing,1
4722,larger,1
4723,lashed,1
4724,late,1
4725,laughed,1
4726,laugheth,1
4727,launched,1
4728,lawyer,1
4729,laziness,1
4730,lazy,1
4731,leah,1
4732,leaned,1
4733,leanness,1
4734,leaped,1
4735,learner,1
4736,leathern,1
4737,leaves,1
4738,lehies,1
4739,lending,1
4740,leprous,1
4741,letting,1
4742,leveled,1
4743,liahona,1
4744,liars,1
4745,liberally,1
4746,liberate,1
4747,liest,1
4748,lighted,1
4749,lightness,1
4750,lightning,1
4751,lights,1
4752,lilies,1
4753,limhah,1
4754,limher,1
4755,linger,1
4756,liquors,1
4757,list,1
4758,listed,1
4759,listened,1
4760,lit,1
4761,lively,1
4762,loading,1
4763,lodging,1
4764,lonesome,1
4765,loosing,1
4766,lop,1
4767,lots,1
4768,lovest,1
4769,loving,1
4770,lucifer,1
4771,lull,1
4772,luram,1
4773,machinery,1
4774,madest,1
4775,madmenah,1
4776,magic,1
4777,magics,1
4778,mahah,1
4779,maimed,1
4780,maintained,1
4781,mammon,1
4782,manage,1
4783,mangled,1
4784,manifesting,1
4785,mantles,1
4786,mar,1
4787,marked,1
4788,market,1
4789,marriage,1
4790,marry,1
4791,marveling,1
4792,mass,1
4793,massacre,1
4794,massacred,1
4795,mathoni,1
4796,mathonihah,1
4797,mattock,1
4798,medes,1
4799,meetings,1
4800,melody,1
4801,mend,1
4802,merchants,1
4803,merely,1
4804,mete,1
4805,michmash,1
4806,middle,1
4807,mights,1
4808,migron,1
4809,mile,1
4810,mincing,1
4811,mingled,1
4812,mingleth,1
4813,minon,1
4814,miraculously,1
4815,mischief,1
4816,mischiefs,1
4817,missing,1
4818,mistress,1
4819,misunderstand,1
4820,mixed,1
4821,mixeth,1
4822,mixture,1
4823,moab,1
4824,mocking,1
4825,mocum,1
4826,moisture,1
4827,molder,1
4828,moles,1
4829,monarchy,1
4830,months,1
4831,moons,1
4832,moriancumer,1
4833,moriantum,1
4834,motion,1
4835,motions,1
4836,mournfully,1
4837,mournings,1
4838,movement,1
4839,movements,1
4840,mufflers,1
4841,murmuring,1
4842,mustereth,1
4843,mutter,1
4844,mysterious,1
4845,nahom,1
4846,naphtali,1
4847,narrowly,1
4848,narrowness,1
4849,natures,1
4850,nearer,1
4851,neas,1
4852,neat,1
4853,necessarily,1
4854,needed,1
4855,nephew,1
4856,nest,1
4857,net,1
4858,neum,1
4859,newly,1
4860,news,1
4861,nob,1
4862,nobles,1
4863,noon,1
4864,northern,1
4865,northernmost,1
4866,nose,1
4867,nostrils,1
4868,notable,1
4869,noted,1
4870,notice,1
4871,nourishing,1
4872,nursed,1
4873,nurture,1
4874,oak,1
4875,oaks,1
4876,obedience,1
4877,obeyed,1
4878,obeyeth,1
4879,obeying,1
4880,observance,1
4881,observing,1
4882,obstinate,1
4883,obstruction,1
4884,occasioned,1
4885,occupy,1
4886,offender,1
4887,offered,1
4888,offspring,1
4889,ogath,1
4890,omega,1
4891,onihah,1
4892,operate,1
4893,operation,1
4894,ophir,1
4895,opinion,1
4896,opposed,1
4897,oppressions,1
4898,orator,1
4899,ordered,1
4900,oreb,1
4901,orphans,1
4902,overbearance,1
4903,overlook,1
4904,overlooked,1
4905,overpowereth,1
4906,overpowering,1
4907,overshadow,1
4908,overspread,1
4909,overthrew,1
4910,owls,1
4911,palaces,1
4912,paleness,1
4913,palms,1
4914,pangs,1
4915,parallel,1
4916,parted,1
4917,particle,1
4918,parties,1
4919,partners,1
4920,passing,1
4921,passion,1
4922,passions,1
4923,pastors,1
4924,pastures,1
4925,pathros,1
4926,paying,1
4927,peaceably,1
4928,peacemakers,1
4929,peaked,1
4930,peep,1
4931,peeped,1
4932,pekah,1
4933,pen,1
4934,penalty,1
4935,penetrate,1
4936,peradventure,1
4937,perceiving,1
4938,perfected,1
4939,perfection,1
4940,perfectness,1
4941,persecutest,1
4942,persecuting,1
4943,persisted,1
4944,persists,1
4945,persuading,1
4946,perversion,1
4947,perverteth,1
4948,pester,1
4949,petitions,1
4950,physician,1
4951,pictures,1
4952,piercing,1
4953,pillow,1
4954,pins,1
4955,pipe,1
4956,planets,1
4957,plants,1
4958,plate,1
4959,pleadeth,1
4960,pleading,1
4961,pleasingly,1
4962,pleasures,1
4963,plentifully,1
4964,plundered,1
4965,plunderers,1
4966,plunged,1
4967,pointers,1
4968,polished,1
4969,pool,1
4970,pools,1
4971,poorer,1
4972,poorest,1
4973,pore,1
4974,possessing,1
4975,posterity,1
4976,posts,1
4977,potter,1
4978,powder,1
4979,powerfully,1
4980,practices,1
4981,preacher,1
4982,preachers,1
4983,preachings,1
4984,precarious,1
4985,preparator,1
4986,prescribed,1
4987,presented,1
4988,preside,1
4989,presses,1
4990,pretend,1
4991,pretendeth,1
4992,prevailed,1
4993,prick,1
4994,principle,1
4995,prisoner,1
4996,privation,1
4997,prize,1
4998,proceedeth,1
4999,proceeding,1
5000,proclaim,1
5001,profaned,1
5002,profess,1
5003,promising,1
5004,pronounced,1
5005,prophetess,1
5006,proposed,1
5007,prospereth,1
5008,prospering,1
5009,prostrated,1
5010,proudly,1
5011,proven,1
5012,proverb,1
5013,proveth,1
5014,providence,1
5015,providing,1
5016,provision,1
5017,provoketh,1
5018,prudently,1
5019,pruning,1
5020,puffing,1
5021,pulling,1
5022,purge,1
5023,purifier,1
5024,purify,1
5025,purifying,1
5026,quakings,1
5027,qualities,1
5028,quantity,1
5029,quarrel,1
5030,quarrelings,1
5031,questioned,1
5032,raca,1
5033,rack,1
5034,rage,1
5035,ragged,1
5036,raging,1
5037,rahab,1
5038,rains,1
5039,ramah,1
5040,ramath,1
5041,rameumptom,1
5042,ransom,1
5043,ransomed,1
5044,rash,1
5045,rations,1
5046,ravening,1
5047,ravished,1
5048,razor,1
5049,reader,1
5050,readeth,1
5051,readiness,1
5052,reality,1
5053,reasonable,1
5054,reasons,1
5055,rebelleth,1
5056,receded,1
5057,receivedst,1
5058,recollection,1
5059,reconcile,1
5060,redoubled,1
5061,reduce,1
5062,reed,1
5063,refine,1
5064,refiners,1
5065,reformed,1
5066,refuseth,1
5067,regular,1
5068,regulate,1
5069,rejecteth,1
5070,relinquished,1
5071,reluctance,1
5072,reluctantly,1
5073,remains,1
5074,remarkable,1
5075,reminding,1
5076,removing,1
5077,rending,1
5078,renewed,1
5079,renowned,1
5080,repaired,1
5081,repents,1
5082,repetitions,1
5083,replenished,1
5084,reply,1
5085,report,1
5086,reproveth,1
5087,repugnant,1
5088,reputation,1
5089,require,1
5090,requires,1
5091,requireth,1
5092,rescued,1
5093,residue,1
5094,resistance,1
5095,resisting,1
5096,resolution,1
5097,resolving,1
5098,resorted,1
5099,respecter,1
5100,restrained,1
5101,retaken,1
5102,retaking,1
5103,retreats,1
5104,reunite,1
5105,reuniting,1
5106,revelator,1
5107,reverence,1
5108,revive,1
5109,revolted,1
5110,revolution,1
5111,rewardeth,1
5112,ridge,1
5113,ridges,1
5114,rims,1
5115,ringlets,1
5116,riotings,1
5117,riotous,1
5118,ripeness,1
5119,ripliancum,1
5120,risest,1
5121,risk,1
5122,risked,1
5123,road,1
5124,roared,1
5125,robbery,1
5126,roe,1
5127,rooted,1
5128,rope,1
5129,rot,1
5130,rottenness,1
5131,ruin,1
5132,ruined,1
5133,ruins,1
5134,ruled,1
5135,ruleth,1
5136,ruling,1
5137,sacrament,1
5138,saint,1
5139,sallying,1
5140,salted,1
5141,sands,1
5142,sapphires,1
5143,sarah,1
5144,satisfieth,1
5145,satyrs,1
5146,saul,1
5147,saveth,1
5148,sawest,1
5149,scab,1
5150,scales,1
5151,scantiness,1
5152,scattereth,1
5153,scepters,1
5154,scoffing,1
5155,scorch,1
5156,scorched,1
5157,scorcheth,1
5158,scorner,1
5159,scornful,1
5160,sealing,1
5161,seantum,1
5162,searches,1
5163,secondly,1
5164,secrecy,1
5165,secrets,1
5166,secured,1
5167,seduced,1
5168,seeker,1
5169,seem,1
5170,seers,1
5171,sees,1
5172,seized,1
5173,separately,1
5174,serviceable,1
5175,setteth,1
5176,settle,1
5177,severally,1
5178,severe,1
5179,severity,1
5180,shadows,1
5181,shaft,1
5182,shafts,1
5183,shaketh,1
5184,shallow,1
5185,shares,1
5186,sharply,1
5187,shave,1
5188,shaved,1
5189,shaven,1
5190,shearer,1
5191,shearers,1
5192,shearjashub,1
5193,sheath,1
5194,sheddeth,1
5195,shelem,1
5196,shelf,1
5197,shemnon,1
5198,shepherds,1
5199,sheum,1
5200,shiblons,1
5201,shield,1
5202,shiloah,1
5203,shimnilom,1
5204,shinar,1
5205,shined,1
5206,shining,1
5207,shock,1
5208,shod,1
5209,shoe,1
5210,shoes,1
5211,shone,1
5212,shoot,1
5213,shores,1
5214,shortened,1
5215,shorter,1
5216,shot,1
5217,shrunk,1
5218,sicken,1
5219,sickle,1
5220,signed,1
5221,signify,1
5222,silenced,1
5223,silent,1
5224,silk,1
5225,silly,1
5226,silverlings,1
5227,similitude,1
5228,simple,1
5229,sinew,1
5230,sinim,1
5231,sink,1
5232,siron,1
5233,sisters,1
5234,sitteth,1
5235,sixtieth,1
5236,size,1
5237,skilful,1
5238,skirts,1
5239,slackened,1
5240,slaughtered,1
5241,slaughters,1
5242,slavery,1
5243,sleepeth,1
5244,slipped,1
5245,smallest,1
5246,smallness,1
5247,smell,1
5248,smiled,1
5249,smiter,1
5250,smith,1
5251,smoking,1
5252,snared,1
5253,snow,1
5254,soap,1
5255,sobbings,1
5256,soever,1
5257,softened,1
5258,softening,1
5259,softly,1
5260,solemnity,1
5261,soles,1
5262,sometimes,1
5263,sorcerers,1
5264,soreness,1
5265,sorrowed,1
5266,sort,1
5267,sorts,1
5268,source,1
5269,southeast,1
5270,spanned,1
5271,spareth,1
5272,spark,1
5273,speaks,1
5274,special,1
5275,spill,1
5276,spoils,1
5277,spotted,1
5278,spring,1
5279,sprinkle,1
5280,sprouted,1
5281,sprung,1
5282,spurneth,1
5283,stab,1
5284,stagger,1
5285,stare,1
5286,start,1
5287,stated,1
5288,stations,1
5289,stealings,1
5290,stem,1
5291,stick,1
5292,stiffen,1
5293,stiffened,1
5294,stimulate,1
5295,stinketh,1
5296,stomacher,1
5297,stoning,1
5298,stopped,1
5299,stoppeth,1
5300,storehouse,1
5301,stoutness,1
5302,straiten,1
5303,straitened,1
5304,straitness,1
5305,streams,1
5306,street,1
5307,stretches,1
5308,stretching,1
5309,strewed,1
5310,strike,1
5311,striketh,1
5312,strokes,1
5313,strongly,1
5314,struggled,1
5315,struggles,1
5316,struggling,1
5317,stubborn,1
5318,stumbled,1
5319,stung,1
5320,stupor,1
5321,submitting,1
5322,subsistence,1
5323,succeed,1
5324,succored,1
5325,succoring,1
5326,suckling,1
5327,suffers,1
5328,supplicating,1
5329,supplies,1
5330,supporting,1
5331,survive,1
5332,survived,1
5333,swallow,1
5334,sware,1
5335,swarms,1
5336,sway,1
5337,swearers,1
5338,sweepeth,1
5339,swelled,1
5340,swifter,1
5341,swiftly,1
5342,swiftness,1
5343,sycamores,1
5344,syrians,1
5345,tabeal,1
5346,tablets,1
5347,tabret,1
5348,tails,1
5349,talent,1
5350,talking,1
5351,tarrying,1
5352,tarshish,1
5353,taxation,1
5354,taxed,1
5355,tear,1
5356,teasings,1
5357,teil,1
5358,tells,1
5359,tend,1
5360,tended,1
5361,tendency,1
5362,tenderness,1
5363,tending,1
5364,terms,1
5365,thanking,1
5366,thereat,1
5367,thicket,1
5368,thief,1
5369,thieving,1
5370,thigh,1
5371,thinks,1
5372,thirsted,1
5373,thirsteth,1
5374,thistle,1
5375,thistles,1
5376,thrash,1
5377,threaten,1
5378,threatening,1
5379,threescore,1
5380,thrive,1
5381,timothy,1
5382,tires,1
5383,toiling,1
5384,tongs,1
5385,torches,1
5386,tormented,1
5387,torments,1
5388,torn,1
5389,tortureth,1
5390,torturing,1
5391,tracks,1
5392,trade,1
5393,train,1
5394,traitor,1
5395,traitors,1
5396,trampleth,1
5397,transfigured,1
5398,transformeth,1
5399,transgressing,1
5400,translating,1
5401,translation,1
5402,transparent,1
5403,traps,1
5404,traveler,1
5405,travels,1
5406,treacherously,1
5407,treading,1
5408,treat,1
5409,treated,1
5410,trembleth,1
5411,trespass,1
5412,tribunal,1
5413,trieth,1
5414,trifle,1
5415,trim,1
5416,triumphant,1
5417,tubaloth,1
5418,tumbling,1
5419,tumults,1
5420,turneth,1
5421,twelfth,1
5422,twinkling,1
5423,typifying,1
5424,tyrant,1
5425,unawares,1
5426,unbeliever,1
5427,undaunted,1
5428,understandings,1
5429,undertakings,1
5430,undone,1
5431,unequal,1
5432,unfaithful,1
5433,union,1
5434,unity,1
5435,unjust,1
5436,unloose,1
5437,unnatural,1
5438,unprepared,1
5439,unpunished,1
5440,unsearchable,1
5441,unsteadiness,1
5442,unstop,1
5443,unstopped,1
5444,unsuccessful,1
5445,unwearied,1
5446,unwise,1
5447,upheld,1
5448,upper,1
5449,upright,1
5450,uproar,1
5451,upside,1
5452,upward,1
5453,upwards,1
5454,urge,1
5455,uriah,1
5456,vainness,1
5457,vale,1
5458,valued,1
5459,vanished,1
5460,vanity,1
5461,vapors,1
5462,variableness,1
5463,varying,1
5464,vast,1
5465,veils,1
5466,venture,1
5467,vexation,1
5468,victorious,1
5469,viewed,1
5470,vilest,1
5471,village,1
5472,vines,1
5473,viol,1
5474,viols,1
5475,virgins,1
5476,visage,1
5477,visitations,1
5478,vomit,1
5479,vouching,1
5480,walketh,1
5481,wallowing,1
5482,wanton,1
5483,warmly,1
5484,warnings,1
5485,warred,1
5486,warrior,1
5487,warriors,1
5488,wash,1
5489,waster,1
5490,wasteth,1
5491,watching,1
5492,watered,1
5493,watery,1
5494,waving,1
5495,weaken,1
5496,weaker,1
5497,weariness,1
5498,wedge,1
5499,weigh,1
5500,wells,1
5501,wheels,1
5502,whereon,1
5503,wheresoever,1
5504,wherewithal,1
5505,whims,1
5506,whiter,1
5507,widowhood,1
5508,wielded,1
5509,wiles,1
5510,wilfulness,1
5511,wimples,1
5512,wing,1
5513,wishes,1
5514,witchcraft,1
5515,withers,1
5516,witnesseth,1
5517,witnessing,1
5518,wizards,1
5519,won,1
5520,wondered,1
5521,wondereth,1
5522,wonderfully,1
5523,wondering,1
5524,wool,1
5525,worked,1
5526,worry,1
5527,worshiped,1
5528,worshipers,1
5529,worshiping,1
5530,worthless,1
5531,wrapt,1
5532,wrest,1
5533,wrested,1
5534,wrestle,1
5535,wrestling,1
5536,wretched,1
5537,wrists,1
5538,writ,1
5539,writeth,1
5540,writings,1
5541,wrongfully,1
5542,wrung,1
5543,yields,1
5544,yoketh,1
5545,yours,1
5546,zealously,1
5547,zebulun,1
5548,zechariah,1
5549,zenephi,1
5550,zeram,1
5551,zerin,1
